"Cluster","Cluster Enrichment Score","Category","Term","Count","List Total","Pop Hits","Pop Total","%","P-Value","Benjamini","Fold Enrichment","Bonferroni","FDR","Fisher Exact","User Ids"
"1","5.39","GOTERM_BP_DIRECT","organic anion transport","10","303","35","26481","3.08","1.58e-10","2.93e-7","24.97","2.93e-7","2.91e-7","4.73e-12","SLC22A12,SLC22A6,SLCO3A1,SLC22A28,SLC22A2,SLCO1A1,SLCO4C1,SLC22A30,SLC22A7,SLC17A3"
"1","5.39","GOTERM_MF_DIRECT","transmembrane transporter activity","20","312","231","24402","6.15","1.58e-10","1.09e-7","6.77","1.09e-7","1.07e-7","2.16e-11","SLC15A1,SLC22A6,SLC44A4,SLC22A2,SLC7A15,SLC7A13,SLC7A12,SLC16A13,SLC22A12,MFSD4A,SV2C,SLCO3A1,SLC22A28,SLCO1A1,SLCO4C1,SLCO2A1,SLC22A30,SLC22A7,SLC17A2,SLC17A3"
"1","5.39","GOTERM_BP_DIRECT","transmembrane transport","28","303","574","26481","8.62","6.34e-10","5.89e-7","4.26","1.18e-6","5.84e-7","1.42e-10","SLC22A6,SLC44A4,CATSPER4,SLC22A2,SLC7A15,SLC7A13,SLC7A12,C8A,SLC22A12,MFSD4A,SV2C,SCN7A,SLC25A42,SLC22A30,SLC17A2,SLC17A3,SLC15A1,TMCO3,SLC16A13,GJB2,SLCO3A1,GJB4,SLC22A28,SLCO1A1,SLCO4C1,SLCO2A1,CDH17,SLC22A7"
"1","5.39","INTERPRO","MFS_trans_sf","16","312","146","22338","4.92","2.10e-9","2.19e-6","7.85","2.19e-6","2.17e-6","2.42e-10","SLC15A1,SLC22A6,SLC22A2,SLC16A13,SLC22A12,MFSD4A,SV2C,SLCO3A1,SLC22A28,SLCO1A1,SLCO4C1,SLCO2A1,SLC22A30,SLC22A7,SLC17A2,SLC17A3"
"1","5.39","GOTERM_MF_DIRECT","secondary active transmembrane transporter activity","9","312","32","24402","2.77","5.13e-9","1.76e-6","22.00","3.53e-6","1.73e-6","1.76e-10","SLC22A6,SLCO3A1,SLC22A28,SLCO1A1,SLCO4C1,SLCO2A1,SLC25A42,SLC22A30,SLC22A7"
"1","5.39","INTERPRO","MFS_dom","13","312","97","22338","4.00","1.06e-8","5.55e-6","9.60","1.11e-5","5.49e-6","9.78e-10","SLC22A6,SLC22A2,SLC16A13,SLC22A12,SV2C,SLCO3A1,SLC22A28,SLCO1A1,SLCO4C1,SLCO2A1,SLC22A30,SLC22A7,SLC17A2"
"1","5.39","GOTERM_BP_DIRECT","sodium-independent organic anion transport","6","303","21","26481","1.85","3.27e-6","1.22e-3","24.97","6.06e-3","1.20e-3","1.00e-7","SLC22A6,SLCO3A1,SLCO1A1,SLCO4C1,SLCO2A1,SLC22A7"
"1","5.39","GOTERM_BP_DIRECT","prostaglandin transport","5","303","12","26481","1.54","7.64e-6","2.30e-3","36.42","1.41e-2","2.28e-3","1.41e-7","SLC22A6,SLCO3A1,SLC22A2,SLCO2A1,SLC22A7"
"1","5.39","GOTERM_MF_DIRECT","prostaglandin transmembrane transporter activity","5","312","11","24402","1.54","7.96e-6","1.83e-3","35.55","5.46e-3","1.79e-3","1.44e-7","SLC22A6,SLCO3A1,SLC22A2,SLCO2A1,SLC22A7"
"1","5.39","UP_SEQ_FEATURE","DOMAIN:Major facilitator superfamily (MFS) profile","8","304","64","22331","2.46","2.53e-5","1.22e-2","9.18","2.40e-2","1.21e-2","2.46e-6","SLC22A12,SV2C,SLCO3A1,SLC22A28,SLCO1A1,SLCO2A1,SLC22A30,SLC22A7"
"1","5.39","INTERPRO","MFS","8","312","69","22338","2.46","4.88e-5","1.70e-2","8.30","4.96e-2","1.68e-2","5.28e-6","MFSD4A,SV2C,SLC22A28,SLC22A30,SLC22A7,SLC17A2,SLC17A3,SLC16A13"
"1","5.39","GOTERM_CC_DIRECT","basal plasma membrane","8","310","83","26676","2.46","5.11e-5","3.87e-3","8.29","1.53e-2","3.73e-3","5.63e-6","SLC22A6,ACE,SLCO3A1,SLC22A2,SLCO1A1,SLCO2A1,SLC7A12,SLC22A7"
"1","5.39","GOTERM_CC_DIRECT","basolateral plasma membrane","14","310","311","26676","4.31","7.67e-5","3.87e-3","3.87","2.28e-2","3.73e-3","1.88e-5","S100G,HSP90AA1,SLC22A6,HSP90AB1,SLC22A2,TGFA,SLCO3A1,SLC22A28,SLCO1A1,SLCO4C1,SLCO2A1,SLC22A30,CDH17,SLC22A7"
"1","5.39","INTERPRO","MFS_sugar_transport-like","6","312","39","22338","1.85","1.98e-4","3.94e-2","11.01","1.86e-1","3.90e-2","1.57e-5","SLC22A12,SLC22A6,SV2C,SLC22A2,SLC22A30,SLC22A7"
"1","5.39","GOTERM_BP_DIRECT","monoatomic ion transport","9","303","240","26481","2.77","6.48e-3","4.22e-1","3.28","1.00e+0","4.18e-1","1.87e-3","SLC22A12,SLCO3A1,CATSPER4,SLCO1A1,SLCO4C1,SLCO2A1,SCN7A,SLC22A7,ADD2"
"1","5.39","INTERPRO","Orgcat_transp/SVOP","3","312","10","22338","0.92","8.08e-3","3.83e-1","21.48","1.00e+0","3.79e-1","3.01e-4","SLC22A6,SLC22A2,SLC22A7"
"1","5.39","UP_KW_BIOLOGICAL_PROCESS","Ion transport","15","174","622","11926","4.62","6.82e-2","5.21e-1","1.65","9.98e-1","5.15e-1","3.84e-2","CLIC6,KCNK5,CATSPER4,SLC22A2,SLC6A15,TMCO3,SLC22A12,SLCO3A1,SLCO1A1,SLCO4C1,SLCO2A1,CLCA3A1,SLC22A7,SLC17A2,SLC17A3"
"1","5.39","UP_KW_BIOLOGICAL_PROCESS","Transport","39","174","2089","11926","12.00","7.64e-2","5.21e-1","1.28","9.99e-1","5.15e-1","5.68e-2","KCNK5,CLIC6,SLC44A4,CATSPER4,SLC22A2,CRABP1,SLC7A15,SLC7A13,SNX10,SLC7A12,CROT,SERPINA6,SNX31,STX11,SLC22A12,MFSD4A,SEC14L3,SV2C,AP1S2,SLC25A42,CD36,CLCA3A1,SLC36A4,SLC17A2,SLC17A3,SEC16B,SLC15A1,SLC6A15,ANO9,ATP11A,TMCO3,SLC16A13,SLCO3A1,SLCO1A1,APOC2,SLCO4C1,SLCO2A1,CDH17,SLC22A7"
"2","5.21","UP_KW_MOLECULAR_FUNCTION","Oxidoreductase","33","201","649","12834","10.15","6.02e-9","4.03e-7","3.25","4.03e-7","3.85e-7","1.77e-9","CLIC6,PECR,CYP4A12A,HSD17B11,CYP27B1,AKR1C20,CYP2C55,ALDH1B1,ME1,BCO2,ME2,ACADM,RDH19,CBR3,SRD5A2,RNLS,GSTO1,ACAD9,CYP4B1,CYP7B1,CP,FMO5,DHRS4,CYP2A4,DHRS9,LOX,CYP2J13,AKR1C14,GSTA1,FAR1,DEGS2,IDO2,PTGES"
"2","5.21","GOTERM_MF_DIRECT","oxidoreductase activity","15","312","309","24402","4.62","4.77e-5","8.21e-3","3.80","3.23e-2","8.06e-3","1.19e-5","CLIC6,PECR,RNLS,GSTO1,ACAD9,CP,DHRS4,AKR1C20,DHRS9,ALDH1B1,AKR1C14,ME1,RDH19,CBR3,PTGES"
"2","5.21","UP_KW_LIGAND","NADP","12","131","188","6902","3.69","7.90e-4","2.53e-2","3.36","2.50e-2","2.53e-2","2.19e-4","PECR,AKR1C20,SRD5A2,DHRS9,RNLS,AKR1C14,ME1,FAR1,HSD17B11,FMO5,CBR3,DHRS4"
"3","4.38","GOTERM_BP_DIRECT","proteolysis","24","303","631","26481","7.38","1.15e-6","5.37e-4","3.32","2.14e-3","5.32e-4","3.34e-7","ACE,F10,USP43,KLK1B24,HTRA1,TNFAIP3,PLAT,ADAMTS12,PRSS23,USP18,ASRGL1,CNDP2,C3,ADAMTS4,MMP14,PROC,MEP1B,CNTNAP5A,MEP1A,DPEP2,PRSS8,GGT1,CLCA3A1,CTSC"
"3","4.38","UP_KW_MOLECULAR_FUNCTION","Protease","22","201","571","12834","6.77","2.29e-4","6.27e-3","2.46","1.52e-2","5.99e-3","8.88e-5","ACE,F10,USP43,KLK1B24,HTRA1,TNFAIP3,PLAT,ADAMTS12,PRSS23,USP18,ASRGL1,CNDP2,ADAMTS4,MMP14,PROC,MEP1B,MEP1A,DPEP2,PRSS8,GGT1,CLCA3A1,CTSC"
"3","4.38","UP_KW_MOLECULAR_FUNCTION","Hydrolase","50","201","1931","12834","15.38","2.81e-4","6.27e-3","1.65","1.86e-2","5.99e-3","1.65e-4","ACY3,HEXB,PDE3B,TNFAIP3,PLAT,PRSS23,CLYBL,CNDP2,ADAMTS4,DUSP10,CES2H,NUDT19,PRSS8,GGT1,POLE,CTSC,HSP90AA1,GBP8,LYPLA1,USP43,LIPO3,LIPO2,ACYP2,ASRGL1,F830016B08RIK,MMP14,MEP1B,MPPED1,MEP1A,DPEP2,CEMIP,ABHD1,GDPD1,HTRA1,ADAMTS12,USP18,NT5DC2,THEM7,ARSG,PDE6A,CLCA3A1,HSPA8,ACE,F10,RASL10B,EPHX2,EDEM1,KLK1B24,PROC,CES1F"
"4","4.08","GOTERM_CC_DIRECT","extracellular region","60","310","2693","26676","18.46","1.20e-6","1.85e-4","1.92","3.61e-4","1.78e-4","6.11e-7","HSP90AB1,HEXB,COL12A1,XYLT1,PLAT,MSLN,SERPINA6,C8A,PRSS23,HAPLN1,TSKU,ALAD,ADAMTS4,C1QTNF3,MUC13,PRSS8,GGT1,CTSC,EDN1,WNT16,MR1,MMP14,MEP1B,MDFIC,LOX,MEP1A,C1QTNF12,ANGPTL8,ANGPTL3,HHIPL1,FETUB,VWA1,SERPING1,VWA2,KAP,CYP4A12A,CEMIP,NXPH4,HTRA1,TGFA,H2-Q2,SBSN,HSPD1,C3,HSPH1,THEM6,ARSG,MUC4,IL33,HSPA8,ACE,F10,RNLS,KLK1B24,CP,PROC,SERPINB6A,APOC2,ITGBL1,FGF10"
"4","4.08","UP_KW_CELLULAR_COMPONENT","Secreted","47","264","1915","19217","14.46","1.12e-4","2.34e-3","1.79","4.68e-3","2.12e-3","6.06e-5","CEMIP,HSP90AB1,NXPH4,COL12A1,HTRA1,TGFA,PLAT,ADAMTS12,MSLN,SERPINA6,SBSN,C8A,PRSS23,HAPLN1,COL19A1,TSKU,ADAMTS4,C3,C1QTNF3,MUC13,THEM6,PRSS8,MUC4,MSR1,IL33,EDN1,ACE,F10,RNLS,WNT16,CP,PROC,MEP1B,MDFIC,LOX,APOC2,C1QTNF12,ANGPTL8,ANGPTL3,FETUB,VWA1,HHIPL1,SERPING1,ITGBL1,VWA2,KAP,FGF10"
"4","4.08","UP_KW_DOMAIN","Signal","91","225","4790","15097","28.00","4.38e-3","3.21e-2","1.27","9.20e-2","2.92e-2","3.35e-3","ITGB3,HEXB,COL12A1,PLAT,SLC7A12,MSLN,SERPINA6,C8A,PRSS23,TSKU,ADAMTS4,SLC22A12,C1QTNF3,CNTNAP5A,CES2H,MUC13,PRSS8,CTSC,EDN1,LIPO3,LIPO2,WNT16,MR1,TMT1B,MMP14,MEP1B,LOX,MEP1A,C1QTNF12,ANGPTL8,CDHR2,ANGPTL3,DPEP2,HHIPL1,FETUB,VWA1,SERPING1,TLR8,VWA2,TLR6,KAP,TNFRSF23,CDH17,LY6F,TLCD5,CYP4A12A,CEMIP,UGT8A,NXPH4,HTRA1,NRXN2,TGFA,H2-Q2,EDDM3B,HSD17B11,ADAMTS12,SBSN,COL19A1,C3,H2-DMB2,ALDH1B1,H2-DMB1,GPC3,SLITRK6,UGT3A1,THEM6,ARSG,NCAM2,UGT1A2,CLCA3A1,RDH19,MUC4,UGT2B34,ACE,F10,UGT2B35,RNLS,KLK1B24,IFNLR1,HSPE1,CP,TMCO3,DCBLD2,PROC,MYMX,DHRS9,APOC2,CES1F,ITGBL1,CNTN2,FGF10"
"5","3.86","UP_SEQ_FEATURE","CARBOHYD:N-linked (GlcNAc...) asparagine","88","304","3741","22331","27.08","1.24e-7","1.19e-4","1.73","1.19e-4","1.18e-4","7.02e-8","SLC44A4,ITGB3,MOGAT1,HEXB,COL12A1,XYLT1,PLAT,MSLN,SERPINA6,C8A,PRSS23,HAPLN1,TSKU,ADAMTS4,SLC22A12,CCKAR,CNTNAP5A,MUC13,PRSS8,CD36,GGT1,CTSC,SLC15A1,CHST7,CERS6,SLC6A15,ANO9,WNT16,MR1,MEP1B,LOX,MEP1A,C1QTNF12,SLCO2A1,ANGPTL3,DPEP2,HHIPL1,FETUB,VWA1,SERPING1,TLR8,VWA2,TLR6,TNFRSF23,CDH17,B4GALT5,GPM6A,CEMIP,SLC22A6,UGT8A,SLC22A2,ABHD1,NRXN2,TGFA,ADAMTS12,COL19A1,TMTC4,C3,SV2C,H2-DMB1,GPC3,SCN7A,UGT3A1,THEM6,ARSG,NCAM2,UGT1A2,CLCA3A1,MUC4,SLC36A4,SLC17A2,SLC17A3,MSR1,ACE,F10,ST8SIA1,EDEM1,KLK1B24,IFNLR1,CP,TMCO3,DCBLD2,PROC,SLCO3A1,SLCO1A1,ITGBL1,CNTN2,FGF10"
"5","3.86","UP_KW_PTM","Glycoprotein","95","207","4604","14135","29.23","5.68e-5","1.48e-3","1.41","1.42e-3","1.36e-3","3.96e-5","HSP90AB1,SLC44A4,ITGB3,MOGAT1,HEXB,COL12A1,XYLT1,PLAT,MSLN,SERPINA6,C8A,PRSS23,HAPLN1,TSKU,ADAMTS4,SLC22A12,CCKAR,CNTNAP5A,MUC13,PRSS8,CD36,GGT1,CTSC,SLC15A1,CHST7,CERS6,SLC6A15,ANO9,WNT16,MR1,MEP1B,LOX,MEP1A,C1QTNF12,CDHR2,SLCO2A1,ANGPTL3,DPEP2,HHIPL1,FETUB,VWA1,SERPING1,TLR8,VWA2,TLR6,TNFRSF23,CDH17,LY6F,B4GALT5,GPM6A,CEMIP,SLC22A6,UGT8A,SLC22A2,ABHD1,NRXN2,TGFA,H2-Q2,ADAMTS12,COL19A1,TMTC4,C3,H2-DMB2,SV2C,H2-DMB1,GPC3,SCN7A,UGT3A1,THEM6,ARSG,NCAM2,UGT1A2,CLCA3A1,MUC4,SLC36A4,SLC17A2,SLC17A3,MSR1,ACE,F10,UGT2B35,ST8SIA1,EDEM1,KLK1B24,IFNLR1,ESR1,CP,TMCO3,DCBLD2,PROC,SLCO3A1,SLCO1A1,ITGBL1,CNTN2,FGF10"
"5","3.86","UP_KW_DOMAIN","Signal","91","225","4790","15097","28.00","4.38e-3","3.21e-2","1.27","9.20e-2","2.92e-2","3.35e-3","ITGB3,HEXB,COL12A1,PLAT,SLC7A12,MSLN,SERPINA6,C8A,PRSS23,TSKU,ADAMTS4,SLC22A12,C1QTNF3,CNTNAP5A,CES2H,MUC13,PRSS8,CTSC,EDN1,LIPO3,LIPO2,WNT16,MR1,TMT1B,MMP14,MEP1B,LOX,MEP1A,C1QTNF12,ANGPTL8,CDHR2,ANGPTL3,DPEP2,HHIPL1,FETUB,VWA1,SERPING1,TLR8,VWA2,TLR6,KAP,TNFRSF23,CDH17,LY6F,TLCD5,CYP4A12A,CEMIP,UGT8A,NXPH4,HTRA1,NRXN2,TGFA,H2-Q2,EDDM3B,HSD17B11,ADAMTS12,SBSN,COL19A1,C3,H2-DMB2,ALDH1B1,H2-DMB1,GPC3,SLITRK6,UGT3A1,THEM6,ARSG,NCAM2,UGT1A2,CLCA3A1,RDH19,MUC4,UGT2B34,ACE,F10,UGT2B35,RNLS,KLK1B24,IFNLR1,HSPE1,CP,TMCO3,DCBLD2,PROC,MYMX,DHRS9,APOC2,CES1F,ITGBL1,CNTN2,FGF10"
"5","3.86","UP_KW_PTM","Disulfide bond","76","207","4096","14135","23.38","1.22e-2","1.05e-1","1.27","2.63e-1","9.73e-2","9.33e-3","GALNT14,ITGB3,HEXB,COL12A1,XYLT1,SLC7A13,PLAT,SLC7A12,MSLN,C8A,PRSS23,HAPLN1,ADAMTS4,CCKAR,CNTNAP5A,CES2H,MUC13,PRSS8,CD36,GGT1,CTSC,EDN1,VMN1R20,WNT16,MR1,MMP14,MEP1B,LOX,MEP1A,C1QTNF12,SLCO2A1,ANGPTL3,DPEP2,HHIPL1,FETUB,VWA1,SERPING1,TLR8,VWA2,TLR6,TNFRSF23,LY6F,B4GALT5,GPM6A,HTRA1,NRXN2,TGFA,ADAMTS12,COL19A1,C3,H2-DMB2,H2-DMB1,KLRG2,GPC3,SCN7A,ARSG,NCAM2,MUC4,MSR1,ACE,F10,ST8SIA1,KLK1B24,IFNLR1,CP,DCBLD2,GJB2,PROC,GJB4,SLCO3A1,OR2V1,CES1F,SLCO1A1,SLCO4C1,ITGBL1,CNTN2"
"6","3.13","UP_KW_CELLULAR_COMPONENT","Peroxisome","9","264","119","19217","2.77","2.34e-4","3.28e-3","5.51","9.80e-3","2.97e-3","3.95e-5","PECR,IDI1,AMACR,EPHX2,AGPS,NUDT19,FAR1,CROT,DHRS4"
"6","3.13","GOTERM_CC_DIRECT","peroxisome","9","310","140","26676","2.77","2.36e-4","7.88e-3","5.53","6.85e-2","7.60e-3","3.98e-5","PECR,IDI1,AMACR,EPHX2,AGPS,NUDT19,FAR1,CROT,DHRS4"
"6","3.13","KEGG_PATHWAY","Peroxisome","8","169","87","11151","2.46","3.30e-4","9.78e-3","6.07","7.53e-2","9.16e-3","4.98e-5","PECR,AMACR,EPHX2,AGPS,NUDT19,FAR1,CROT,DHRS4"
"6","3.13","UP_SEQ_FEATURE","MOTIF:Microbody targeting signal","6","304","45","22331","1.85","3.49e-4","9.35e-2","9.79","2.85e-1","9.30e-2","3.16e-5","PECR,IDI1,AMACR,EPHX2,NUDT19,CROT"
"6","3.13","GOTERM_CC_DIRECT","peroxisomal membrane","4","310","61","26676","1.23","3.38e-2","4.10e-1","5.64","1.00e+0","3.95e-1","5.55e-3","PECR,AGPS,FAR1,DHRS4"
"7","2.96","UP_KW_DOMAIN","EGF-like domain","14","225","252","15097","4.31","1.02e-4","2.25e-3","3.73","2.24e-3","2.04e-3","2.58e-5","F10,ITGB3,TGFA,NRXN2,PLAT,C8A,PROC,MEP1B,CNTNAP5A,MEP1A,MUC13,ITGBL1,VWA2,MUC4"
"7","2.96","UP_SEQ_FEATURE","DOMAIN:EGF-like","11","304","208","22331","3.38","5.79e-4","1.11e-1","3.88","4.27e-1","1.11e-1","1.40e-4","PROC,MEP1B,F10,MEP1A,MUC13,TGFA,NRXN2,VWA2,PLAT,MUC4,C8A"
"7","2.96","INTERPRO","EGF","12","312","246","22338","3.69","7.06e-4","9.20e-2","3.49","5.21e-1","9.11e-2","1.91e-4","PROC,MEP1B,F10,CNTNAP5A,MEP1A,MUC13,TGFA,ITGBL1,NRXN2,VWA2,PLAT,MUC4"
"7","2.96","UP_SEQ_FEATURE","DOMAIN:EGF-like 2","7","304","84","22331","2.15","9.95e-4","1.59e-1","6.12","6.16e-1","1.58e-1","1.50e-4","PROC,F10,CNTNAP5A,MUC13,NRXN2,VWA2,MUC4"
"7","2.96","SMART","EGF","9","140","183","10959","2.77","2.28e-3","3.57e-1","3.85","3.01e-1","3.57e-1","5.56e-4","PROC,F10,CNTNAP5A,MUC13,ITGBL1,NRXN2,VWA2,PLAT,MUC4"
"7","2.96","UP_SEQ_FEATURE","DOMAIN:EGF-like 1","6","304","112","22331","1.85","1.84e-2","7.45e-1","3.94","1.00e+0","7.41e-1","4.34e-3","PROC,CNTNAP5A,MUC13,NRXN2,VWA2,MUC4"
"8","2.83","UP_KW_LIGAND","NADP","12","131","188","6902","3.69","7.90e-4","2.53e-2","3.36","2.50e-2","2.53e-2","2.19e-4","PECR,AKR1C20,SRD5A2,DHRS9,RNLS,AKR1C14,ME1,FAR1,HSD17B11,FMO5,CBR3,DHRS4"
"8","2.83","INTERPRO","SDR_fam","6","312","61","22338","1.85","1.59e-3","1.61e-1","7.04","8.10e-1","1.59e-1","2.06e-4","PECR,DHRS9,HSD17B11,RDH19,CBR3,DHRS4"
"8","2.83","INTERPRO","NAD(P)-bd_dom_sf","9","312","168","22338","2.77","2.51e-3","2.01e-1","3.84","9.27e-1","1.99e-1","6.13e-4","PECR,DHRS9,ME1,FAR1,ME2,HSD17B11,RDH19,CBR3,DHRS4"
"9","2.63","GOTERM_BP_DIRECT","organic anion transport","10","303","35","26481","3.08","1.58e-10","2.93e-7","24.97","2.93e-7","2.91e-7","4.73e-12","SLC22A12,SLC22A6,SLCO3A1,SLC22A28,SLC22A2,SLCO1A1,SLCO4C1,SLC22A30,SLC22A7,SLC17A3"
"9","2.63","GOTERM_MF_DIRECT","secondary active transmembrane transporter activity","9","312","32","24402","2.77","5.13e-9","1.76e-6","22.00","3.53e-6","1.73e-6","1.76e-10","SLC22A6,SLCO3A1,SLC22A28,SLCO1A1,SLCO4C1,SLCO2A1,SLC25A42,SLC22A30,SLC22A7"
"9","2.63","INTERPRO","MFS_dom","13","312","97","22338","4.00","1.06e-8","5.55e-6","9.60","1.11e-5","5.49e-6","9.78e-10","SLC22A6,SLC22A2,SLC16A13,SLC22A12,SV2C,SLCO3A1,SLC22A28,SLCO1A1,SLCO4C1,SLCO2A1,SLC22A30,SLC22A7,SLC17A2"
"9","2.63","GOTERM_BP_DIRECT","sodium-independent organic anion transport","6","303","21","26481","1.85","3.27e-6","1.22e-3","24.97","6.06e-3","1.20e-3","1.00e-7","SLC22A6,SLCO3A1,SLCO1A1,SLCO4C1,SLCO2A1,SLC22A7"
"9","2.63","INTERPRO","OATP","4","312","17","22338","1.23","1.57e-3","1.61e-1","16.85","8.06e-1","1.59e-1","7.70e-5","SLCO3A1,SLCO1A1,SLCO4C1,SLCO2A1"
"9","2.63","UP_SEQ_FEATURE","TRANSMEM:Helical; Name=9","7","304","109","22331","2.15","3.74e-3","3.00e-1","4.72","9.73e-1","2.98e-1","7.37e-4","SLCO3A1,SOAT2,SLCO1A1,SLC6A15,SLCO4C1,SLCO2A1,SLC7A13"
"9","2.63","UP_SEQ_FEATURE","TRANSMEM:Helical; Name=8","7","304","121","22331","2.15","6.21e-3","4.34e-1","4.25","9.97e-1","4.32e-1","1.36e-3","SLCO3A1,SOAT2,SLCO1A1,SLC6A15,SLCO4C1,SLCO2A1,SLC7A13"
"9","2.63","GOTERM_BP_DIRECT","monoatomic ion transport","9","303","240","26481","2.77","6.48e-3","4.22e-1","3.28","1.00e+0","4.18e-1","1.87e-3","SLC22A12,SLCO3A1,CATSPER4,SLCO1A1,SLCO4C1,SLCO2A1,SCN7A,SLC22A7,ADD2"
"9","2.63","UP_SEQ_FEATURE","DOMAIN:Kazal-like","5","304","56","22331","1.54","7.02e-3","4.34e-1","6.56","9.99e-1","4.32e-1","9.79e-4","SLCO3A1,SLCO1A1,SLCO4C1,SLCO2A1,HTRA1"
"9","2.63","UP_SEQ_FEATURE","TRANSMEM:Helical; Name=12","6","304","90","22331","1.85","7.65e-3","4.34e-1","4.90","9.99e-1","4.32e-1","1.45e-3","SLCO3A1,SLCO1A1,SLC6A15,SLCO4C1,SLCO2A1,SLC7A13"
"9","2.63","INTERPRO","Kazal_dom_sf","5","312","56","22338","1.54","7.67e-3","3.83e-1","6.39","1.00e+0","3.79e-1","1.10e-3","SLCO3A1,SLCO1A1,SLCO4C1,SLCO2A1,HTRA1"
"9","2.63","INTERPRO","Kazal_dom","5","312","58","22338","1.54","8.67e-3","3.91e-1","6.17","1.00e+0","3.87e-1","1.29e-3","SLCO3A1,SLCO1A1,SLCO4C1,SLCO2A1,HTRA1"
"9","2.63","UP_SEQ_FEATURE","TRANSMEM:Helical; Name=11","6","304","95","22331","1.85","9.56e-3","4.83e-1","4.64","1.00e+0","4.81e-1","1.91e-3","SLCO3A1,SLCO1A1,SLC6A15,SLCO4C1,SLCO2A1,SLC7A13"
"9","2.63","UP_SEQ_FEATURE","TRANSMEM:Helical; Name=10","6","304","100","22331","1.85","1.18e-2","5.65e-1","4.41","1.00e+0","5.62e-1","2.48e-3","SLCO3A1,SLCO1A1,SLC6A15,SLCO4C1,SLCO2A1,SLC7A13"
"9","2.63","UP_SEQ_FEATURE","TRANSMEM:Helical; Name=6","11","304","727","22331","3.38","5.28e-1","1.00e+0","1.11","1.00e+0","9.96e-1","4.07e-1","PAQR7,CERS6,CCKAR,SLCO3A1,SOAT2,SLCO1A1,SLC6A15,SLCO4C1,SLCO2A1,SLC7A13,SLC25A42"
"9","2.63","UP_SEQ_FEATURE","TRANSMEM:Helical; Name=7","10","304","656","22331","3.08","5.35e-1","1.00e+0","1.12","1.00e+0","9.96e-1","4.03e-1","PAQR7,CERS6,CCKAR,SLCO3A1,SOAT2,SLCO1A1,SLC6A15,SLCO4C1,SLCO2A1,SLC7A13"
"9","2.63","UP_SEQ_FEATURE","TRANSMEM:Helical; Name=5","11","304","733","22331","3.38","5.38e-1","1.00e+0","1.10","1.00e+0","9.96e-1","4.07e-1","PAQR7,CERS6,CCKAR,SLCO3A1,SOAT2,SLCO1A1,SLC6A15,SLCO4C1,SLCO2A1,SLC7A13,SLC25A42"
"9","2.63","UP_SEQ_FEATURE","TRANSMEM:Helical; Name=3","11","304","758","22331","3.38","5.81e-1","1.00e+0","1.07","1.00e+0","9.96e-1","4.65e-1","PAQR7,CERS6,CCKAR,SLCO3A1,SOAT2,SLCO1A1,SLC6A15,SLCO4C1,SLCO2A1,SLC7A13,SLC25A42"
"9","2.63","UP_SEQ_FEATURE","TRANSMEM:Helical; Name=4","11","304","758","22331","3.38","5.81e-1","1.00e+0","1.07","1.00e+0","9.96e-1","4.65e-1","PAQR7,CERS6,CCKAR,SLCO3A1,SOAT2,SLCO1A1,SLC6A15,SLCO4C1,SLCO2A1,SLC7A13,SLC25A42"
"9","2.63","UP_SEQ_FEATURE","TRANSMEM:Helical; Name=1","11","304","774","22331","3.38","6.07e-1","1.00e+0","1.04","1.00e+0","9.96e-1","4.87e-1","PAQR7,CERS6,CCKAR,SLCO3A1,SOAT2,SLCO1A1,SLC6A15,SLCO4C1,SLCO2A1,SLC7A13,SLC25A42"
"9","2.63","UP_SEQ_FEATURE","TRANSMEM:Helical; Name=2","11","304","779","22331","3.38","6.16e-1","1.00e+0","1.04","1.00e+0","9.96e-1","4.93e-1","PAQR7,CERS6,CCKAR,SLCO3A1,SOAT2,SLCO1A1,SLC6A15,SLCO4C1,SLCO2A1,SLC7A13,SLC25A42"
"10","2.62","INTERPRO","UDP_glycos_trans_CS","5","312","22","22338","1.54","2.21e-4","3.94e-2","16.27","2.06e-1","3.90e-2","1.12e-5","UGT2B34,UGT8A,UGT2B35,UGT3A1,UGT1A2"
"10","2.62","INTERPRO","UDP_glucos_trans","5","312","23","22338","1.54","2.65e-4","3.94e-2","15.56","2.41e-1","3.90e-2","1.41e-5","UGT2B34,UGT8A,UGT2B35,UGT3A1,UGT1A2"
"10","2.62","INTERPRO","UDP-glycosyltransferase","5","312","23","22338","1.54","2.65e-4","3.94e-2","15.56","2.41e-1","3.90e-2","1.41e-5","UGT2B34,UGT8A,UGT2B35,UGT3A1,UGT1A2"
"10","2.62","GOTERM_MF_DIRECT","UDP-glycosyltransferase activity","5","312","29","24402","1.54","4.78e-4","5.48e-2","13.48","2.80e-1","5.38e-2","3.05e-5","UGT2B34,UGT8A,UGT2B35,UGT3A1,UGT1A2"
"10","2.62","KEGG_PATHWAY","Biosynthesis of cofactors","9","169","153","11151","2.77","2.19e-3","3.75e-2","3.88","4.05e-1","3.51e-2","5.27e-4","ALAD,UGT2B34,ALDH1B1,PANK1,UGT2B35,TPK1,UGT1A2,GCLM,IDO2"
"10","2.62","KEGG_PATHWAY","Porphyrin metabolism","5","169","47","11151","1.54","5.36e-3","7.93e-2","7.02","7.20e-1","7.43e-2","6.91e-4","ALAD,UGT2B34,UGT2B35,UGT1A2,CP"
"10","2.62","GOTERM_MF_DIRECT","glucuronosyltransferase activity","4","312","29","24402","1.23","5.86e-3","2.12e-1","10.79","9.82e-1","2.08e-1","4.84e-4","UGT2B34,UGT2B35,UGT3A1,UGT1A2"
"10","2.62","KEGG_PATHWAY","Ascorbate and aldarate metabolism","4","169","32","11151","1.23","1.21e-2","1.36e-1","8.25","9.44e-1","1.28e-1","1.31e-3","UGT2B34,ALDH1B1,UGT2B35,UGT1A2"
"10","2.62","KEGG_PATHWAY","Pentose and glucuronate interconversions","4","169","36","11151","1.23","1.67e-2","1.72e-1","7.33","9.81e-1","1.61e-1","2.05e-3","UGT2B34,FGGY,UGT2B35,UGT1A2"
"10","2.62","KEGG_PATHWAY","Bile secretion","5","169","101","11151","1.54","6.61e-2","4.75e-1","3.27","1.00e+0","4.45e-1","1.86e-2","UGT2B34,UGT2B35,SLCO1A1,UGT1A2,SLC22A7"
"11","2.61","KEGG_PATHWAY","Glutathione metabolism","9","169","73","11151","2.77","1.31e-5","1.56e-3","8.13","3.11e-3","1.46e-3","1.44e-6","NAT8F6,GSTA4,GSTO1,GSTA1,CHAC2,GSTA13,GGT1,GCLM,NAT8F7"
"11","2.61","KEGG_PATHWAY","Chemical carcinogenesis - receptor activation","14","169","231","11151","4.31","4.58e-5","3.62e-3","4.00","1.08e-2","3.39e-3","1.08e-5","UGT2B34,HSP90AA1,PAQR7,HSP90AB1,UGT2B35,GSTO1,EPHX2,ESR1,GSTA4,GSTA1,EIF4EBP1,GSTA13,UGT1A2,FGF10"
"11","2.61","KEGG_PATHWAY","Drug metabolism - other enzymes","9","169","96","11151","2.77","9.66e-5","4.77e-3","6.19","2.26e-2","4.47e-3","1.43e-5","UGT2B34,GSTA4,GSTO1,UGT2B35,CES1F,GSTA1,CES2H,GSTA13,UGT1A2"
"11","2.61","KEGG_PATHWAY","Drug metabolism - cytochrome P450","8","169","72","11151","2.46","1.01e-4","4.77e-3","7.33","2.36e-2","4.47e-3","1.24e-5","UGT2B34,GSTA4,GSTO1,UGT2B35,GSTA1,GSTA13,UGT1A2,FMO5"
"11","2.61","KEGG_PATHWAY","Metabolism of xenobiotics by cytochrome P450","8","169","76","11151","2.46","1.42e-4","5.01e-3","6.95","3.31e-2","4.70e-3","1.85e-5","UGT2B34,GSTA4,GSTO1,UGT2B35,GSTA1,GSTA13,UGT1A2,CBR3"
"11","2.61","KEGG_PATHWAY","Chemical carcinogenesis - DNA adducts","8","169","90","11151","2.46","4.07e-4","1.07e-2","5.87","9.19e-2","1.00e-2","6.36e-5","UGT2B34,CYP2C55,GSTA4,GSTO1,UGT2B35,GSTA1,GSTA13,UGT1A2"
"11","2.61","GOTERM_MF_DIRECT","glutathione transferase activity","5","312","34","24402","1.54","8.88e-4","6.79e-2","11.50","4.57e-1","6.66e-2","6.79e-5","GSTA4,GSTO1,GSTA1,GSTA13,PTGES"
"11","2.61","GOTERM_BP_DIRECT","glutathione metabolic process","6","303","67","26481","1.85","1.01e-3","1.18e-1","7.83","8.48e-1","1.16e-1","1.19e-4","GSTA4,GSTO1,GSTA1,GSTA13,GGT1,GCLM"
"11","2.61","INTERPRO","Glutathione-S-Trfase_C-like","5","312","37","22338","1.54","1.69e-3","1.61e-1","9.68","8.29e-1","1.59e-1","1.56e-4","CLIC6,GSTA4,GSTO1,GSTA1,GSTA13"
"11","2.61","KEGG_PATHWAY","Fluid shear stress and atherosclerosis","9","169","149","11151","2.77","1.85e-3","3.66e-2","3.99","3.55e-1","3.43e-2","4.34e-4","EDN1,HSP90AA1,HSP90AB1,GSTA4,GSTO1,ITGB3,GSTA1,PLAT,GSTA13"
"11","2.61","INTERPRO","Glutathione_S-Trfase","5","312","39","22338","1.54","2.06e-3","1.79e-1","9.18","8.84e-1","1.78e-1","2.01e-4","CLIC6,GSTA4,GSTO1,GSTA1,GSTA13"
"11","2.61","UP_SEQ_FEATURE","DOMAIN:GST C-terminal","5","304","41","22331","1.54","2.27e-3","2.42e-1","8.96","8.87e-1","2.41e-1","2.27e-4","CLIC6,GSTA4,GSTO1,GSTA1,GSTA13"
"11","2.61","INTERPRO","GST_alpha","3","312","6","22338","0.92","2.79e-3","2.08e-1","35.80","9.46e-1","2.06e-1","5.23e-5","GSTA4,GSTA1,GSTA13"
"11","2.61","INTERPRO","Glutathione-S-Trfase_C_sf","5","312","47","22338","1.54","4.10e-3","2.52e-1","7.62","9.86e-1","2.49e-1","4.88e-4","CLIC6,GSTA4,GSTO1,GSTA1,GSTA13"
"11","2.61","KEGG_PATHWAY","Platinum drug resistance","6","169","81","11151","1.85","7.46e-3","9.82e-2","4.89","8.30e-1","9.20e-2","1.41e-3","GSTA4,GSTO1,GSTA1,GSTA13,BBC3,BIRC3"
"11","2.61","INTERPRO","GST_C","4","312","29","22338","1.23","7.47e-3","3.83e-1","9.88","1.00e+0","3.79e-1","6.73e-4","GSTA4,GSTO1,GSTA1,GSTA13"
"11","2.61","UP_SEQ_FEATURE","DOMAIN:GST N-terminal","4","304","30","22331","1.23","7.66e-3","4.34e-1","9.79","9.99e-1","4.32e-1","6.98e-4","GSTA4,GSTO1,GSTA1,GSTA13"
"11","2.61","INTERPRO","Glutathione_S-Trfase_N","4","312","31","22338","1.23","9.00e-3","3.91e-1","9.24","1.00e+0","3.87e-1","8.72e-4","GSTA4,GSTO1,GSTA1,GSTA13"
"11","2.61","INTERPRO","GST_superfamily","3","312","18","22338","0.92","2.55e-2","9.17e-1","11.93","1.00e+0","9.08e-1","1.88e-3","GSTA4,GSTA1,GSTA13"
"11","2.61","KEGG_PATHWAY","Hepatocellular carcinoma","7","169","174","11151","2.15","4.79e-2","4.05e-1","2.65","1.00e+0","3.80e-1","1.67e-2","FRAT2,GSTA4,GSTO1,GSTA1,TGFA,GSTA13,WNT16"
"11","2.61","KEGG_PATHWAY","Pathways in cancer","14","169","549","11151","4.31","7.11e-2","4.91e-1","1.68","1.00e+0","4.60e-1","3.93e-2","EDN1,HSP90AA1,HSP90AB1,GSTO1,TGFA,WNT16,ESR1,BBC3,FRAT2,GSTA4,GSTA1,GSTA13,BIRC3,FGF10"
"11","2.61","INTERPRO","Thioredoxin-like_sf","5","312","135","22338","1.54","1.20e-1","1.00e+0","2.65","1.00e+0","9.91e-1","4.12e-2","CLIC6,GSTA4,GSTO1,GSTA1,GSTA13"
"11","2.61","KEGG_PATHWAY","Chemical carcinogenesis - reactive oxygen species","5","169","229","11151","1.54","4.54e-1","1.00e+0","1.44","1.00e+0","9.41e-1","2.67e-1","GSTA4,GSTO1,EPHX2,GSTA1,GSTA13"
"12","2.27","UP_KW_CELLULAR_COMPONENT","Microsome","13","264","171","19217","4.00","4.31e-6","1.81e-4","5.53","1.81e-4","1.64e-4","7.23e-7","CYP4A12A,SRD5A2,FBXO2,CYP4B1,CYP7B1,FMO5,TMT1B,DHRS9,CYP2C55,CYP2J13,CYP2A4,CES1F,UGT1A2"
"12","2.27","GOTERM_CC_DIRECT","intracellular membrane-bounded organelle","10","310","156","26676","3.08","9.00e-5","3.87e-3","5.52","2.67e-2","3.73e-3","1.53e-5","PECR,CYP4A12A,ZNRF2,CYP2C55,CYP2J13,CYP2A4,LIPO3,LIPO2,AP1S2,CYP7B1"
"12","2.27","GOTERM_MF_DIRECT","heme binding","10","312","193","24402","3.08","8.67e-4","6.79e-2","4.05","4.49e-1","6.66e-2","2.01e-4","CYP27B1,CYP4A12A,CYP2C55,CYP2J13,CYP2A4,CBS,CYP4B1,CYP7B1,STEAP1,IDO2"
"12","2.27","UP_KW_MOLECULAR_FUNCTION","Monooxygenase","8","201","99","12834","2.46","8.92e-4","1.49e-2","5.16","5.80e-2","1.43e-2","1.59e-4","CYP27B1,CYP4A12A,CYP2C55,CYP2J13,CYP2A4,CYP4B1,CYP7B1,FMO5"
"12","2.27","UP_SEQ_FEATURE","BINDING:axial binding residue","9","304","156","22331","2.77","1.34e-3","1.84e-1","4.24","7.25e-1","1.83e-1","2.97e-4","CYP27B1,CYP4A12A,CYP2C55,CYP2J13,CYP2A4,CBS,CYP4B1,CYP7B1,STEAP1"
"12","2.27","GOTERM_MF_DIRECT","monooxygenase activity","8","312","129","24402","2.46","1.36e-3","9.08e-2","4.85","6.07e-1","8.91e-2","2.61e-4","CYP27B1,CYP4A12A,CYP2C55,CYP2J13,CYP2A4,CYP4B1,CYP7B1,FMO5"
"12","2.27","KEGG_PATHWAY","Arachidonic acid metabolism","7","169","89","11151","2.15","2.22e-3","3.75e-2","5.19","4.09e-1","3.51e-2","3.94e-4","CYP4A12A,CYP2C55,CYP2J13,EPHX2,GGT1,CBR3,PTGES"
"12","2.27","INTERPRO","Cyt_P450","7","312","103","22338","2.15","3.21e-3","2.19e-1","4.87","9.65e-1","2.17e-1","6.12e-4","CYP27B1,CYP4A12A,CYP2C55,CYP2J13,CYP2A4,CYP4B1,CYP7B1"
"12","2.27","INTERPRO","Cyt_P450_sf","7","312","104","22338","2.15","3.37e-3","2.19e-1","4.82","9.70e-1","2.17e-1","6.48e-4","CYP27B1,CYP4A12A,CYP2C55,CYP2J13,CYP2A4,CYP4B1,CYP7B1"
"12","2.27","GOTERM_BP_DIRECT","linoleic acid metabolic process","4","303","31","26481","1.23","5.21e-3","3.59e-1","11.28","1.00e+0","3.56e-1","4.14e-4","CYP4A12A,CYP2C55,CYP2J13,EPHX2"
"12","2.27","GOTERM_MF_DIRECT","oxidoreductase activity, acting on paired donors, with incorporation or reduction of molecular oxygen","7","312","127","24402","2.15","5.83e-3","2.12e-1","4.31","9.82e-1","2.08e-1","1.26e-3","CYP27B1,CYP4A12A,CYP2C55,CYP2J13,CYP2A4,CYP4B1,CYP7B1"
"12","2.27","INTERPRO","Cyt_P450_E_grp-I","6","312","83","22338","1.85","6.07e-3","3.52e-1","5.18","9.98e-1","3.48e-1","1.08e-3","CYP27B1,CYP4A12A,CYP2C55,CYP2J13,CYP2A4,CYP4B1"
"12","2.27","UP_KW_LIGAND","Heme","10","131","180","6902","3.08","6.71e-3","1.07e-1","2.93","1.94e-1","1.07e-1","2.14e-3","CYP27B1,CYP4A12A,CYP2C55,CYP2J13,CYP2A4,CBS,CYP4B1,CYP7B1,STEAP1,IDO2"
"12","2.27","COG_ONTOLOGY","Secondary metabolites biosynthesis, transport, and catabolism","8","44","117","2099","2.46","8.43e-3","4.64e-2","3.26","9.66e-2","4.64e-2","2.39e-3","CYP27B1,CYP4A12A,CYP2C55,CYP2J13,CYP2A4,CYP4B1,BCO2,CYP7B1"
"12","2.27","GOTERM_MF_DIRECT","oxidoreductase activity, acting on paired donors, with incorporation or reduction of molecular oxygen, reduced flavin or flavoprotein as one donor, and incorporation of one atom of oxygen","5","312","67","24402","1.54","1.06e-2","3.16e-1","5.84","9.99e-1","3.10e-1","1.67e-3","CYP4A12A,CYP2C55,CYP2J13,CYP2A4,CYP4B1"
"12","2.27","INTERPRO","Cyt_P450_CS","6","312","96","22338","1.85","1.11e-2","4.43e-1","4.47","1.00e+0","4.39e-1","2.29e-3","CYP27B1,CYP4A12A,CYP2C55,CYP2J13,CYP2A4,CYP4B1"
"12","2.27","GOTERM_MF_DIRECT","arachidonate epoxygenase activity","4","312","47","24402","1.23","2.20e-2","5.22e-1","6.66","1.00e+0","5.12e-1","3.03e-3","CYP4A12A,CYP2C55,CYP2J13,CYP2A4"
"12","2.27","GOTERM_MF_DIRECT","iron ion binding","7","312","193","24402","2.15","3.77e-2","6.49e-1","2.84","1.00e+0","6.37e-1","1.24e-2","CYP27B1,CYP4A12A,CYP2C55,CYP2J13,CYP2A4,CYP4B1,CYP7B1"
"12","2.27","GOTERM_BP_DIRECT","epoxygenase P450 pathway","3","303","38","26481","0.92","6.97e-2","1.00e+0","6.90","1.00e+0","9.91e-1","9.31e-3","CYP2C55,CYP2J13,CYP2A4"
"12","2.27","UP_KW_LIGAND","Iron","12","131","398","6902","3.69","1.29e-1","5.89e-1","1.59","9.88e-1","5.89e-1","7.44e-2","CYP27B1,CYP4A12A,CYP2C55,CYP2J13,CYP2A4,CBS,CYP4B1,BCO2,CYP7B1,STEAP1,IDO2,POLE"
"12","2.27","INTERPRO","Cytochrome_P450_fam2","3","312","49","22338","0.92","1.49e-1","1.00e+0","4.38","1.00e+0","9.91e-1","3.10e-2","CYP2C55,CYP2J13,CYP2A4"
"12","2.27","KEGG_PATHWAY","Inflammatory mediator regulation of TRP channels","3","169","130","11151","0.92","5.86e-1","1.00e+0","1.52","1.00e+0","9.41e-1","3.15e-1","CYP4A12A,CYP2C55,CYP2J13"
"13","2.27","GOTERM_MF_DIRECT","androsterone dehydrogenase [NAD(P)+] activity","4","312","18","24402","1.23","1.45e-3","9.08e-2","17.38","6.32e-1","8.91e-2","6.96e-5","AKR1C20,DHRS9,AKR1C14,RDH19"
"13","2.27","GOTERM_MF_DIRECT","all-trans-retinol dehydrogenase (NAD+) activity","4","312","32","24402","1.23","7.74e-3","2.66e-1","9.78","9.95e-1","2.61e-1","7.11e-4","AKR1C20,DHRS9,AKR1C14,RDH19"
"13","2.27","GOTERM_BP_DIRECT","progesterone metabolic process","3","303","16","26481","0.92","1.40e-2","6.05e-1","16.39","1.00e+0","5.99e-1","7.44e-4","AKR1C20,DHRS9,AKR1C14"
"14","2.05","UP_KW_DOMAIN","Transmembrane helix","106","225","5567","15097","32.62","1.28e-3","1.40e-2","1.28","2.77e-2","1.28e-2","9.80e-4","GALNT14,KLHL32,XYLT1,CNTNAP5A,PRSS8,SLC25A42,GGT1,SLC15A1,PAQR7,SLC6A15,ATP11A,MR1,F830016B08RIK,SOAT2,SLCO2A1,DPEP2,FAR1,STEAP1,PTGES,GPM6A,UBIAD1,SLC22A6,UGT8A,SLC22A2,ABHD1,TGFA,D630029K05RIK,TMTC4,UGT3A1,MSR1,ACE,SRD5A2,ST8SIA1,EDEM1,IFNLR1,CP,SLC16A13,GJB2,MYMX,AMACR,GJB4,SLCO1A1,DEGS2,SLC22A7,CLIC6,SLC44A4,ITGB3,MOGAT1,PDE3B,SLC7A13,SLC7A12,SLC22A12,CCKAR,TRPS1,MUC13,CD36,TMT1A2,NAT8F7,RNF152,CERS6,CHST7,MMD,ANO9,CYP7B1,TMEM174,MS4A6B,MMP14,CYP2A4,CYP2J13,MEP1B,MEP1A,CDHR2,TLR8,TLR6,CDH17,B4GALT5,TLCD5,TMEM45A,CATSPER4,GDPD1,NRXN2,H2-Q2,MFSD4A,H2-DMB2,SV2C,H2-DMB1,KLRG2,SLITRK6,SCN7A,NCAM2,UGT1A2,MUC4,SLC36A4,SLC17A2,SLC17A3,UGT2B34,RNF24,CYP4B1,TMCO3,FMO5,DCBLD2,SLCO3A1,OR2V1,SLCO4C1,ATP13A4,TMEM229A"
"14","2.05","UP_KW_CELLULAR_COMPONENT","Membrane","151","264","9386","19217","46.46","4.45e-3","3.74e-2","1.17","1.71e-1","3.38e-2","3.74e-3","GALNT14,KLHL32,XYLT1,TGM1,CNTNAP5A,AP1S2,PRSS8,SLC25A42,GGT1,RARS2,SLC15A1,PAQR7,SLC6A15,FBXO2,4930550C14RIK,VMN1R20,ATP11A,MR1,F830016B08RIK,SOAT2,SLCO2A1,DPEP2,FAR1,STEAP1,LY6F,PTGES,DGKH,GPM6A,CYP4A12A,UBIAD1,CEMIP,SLC22A6,UGT8A,SLC22A2,ABHD1,HTRA1,TGFA,D630029K05RIK,TMTC4,CYP27B1,UGT3A1,CLCA3A1,SEC16B,MSR1,HSPA8,ACE,SRD5A2,RASL10B,ST8SIA1,EDEM1,IFNLR1,CP,ESR1,SLC16A13,GJB2,MYMX,AMACR,GJB4,SLCO1A1,CNTN2,DEGS2,SLC22A7,CLIC6,KCNK5,ACY3,HSP90AB1,SLC44A4,ITGB3,MOGAT1,SLC7A15,PDE3B,SLC7A13,SNX10,SLC7A12,MSLN,C8A,RND1,SLC22A12,CCKAR,TRPS1,MUC13,CD36,TMT1A2,NAT8F7,RNF152,LYPLA1,HSP90AA1,CERS6,CHST7,MMD,ACAD9,ANO9,CYP7B1,TMEM174,TMT1B,MS4A6B,MMP14,CYP2A4,CYP2J13,MEP1B,MEP1A,SLC22A28,CDHR2,AGPS,TLR8,TLR6,RHOV,TNFRSF23,CDH17,PDZRN3,B4GALT5,TLCD5,TMEM45A,CATSPER4,GDPD1,NRXN2,H2-Q2,STX11,ADD2,MFSD4A,H2-DMB2,ZNRF2,SV2C,CYP2C55,H2-DMB1,KLRG2,GPC3,SLITRK6,SCN7A,NCAM2,PDE6A,UGT1A2,SLC22A30,MUC4,SLC36A4,SLC17A2,SLC17A3,UGT2B34,RNF24,UGT2B35,WWP1,CYP4B1,TMCO3,FMO5,DCBLD2,DHRS9,SLCO3A1,OR2V1,SLCO4C1,ATP13A4,TMEM229A"
"14","2.05","UP_KW_DOMAIN","Transmembrane","111","225","6136","15097","34.15","5.99e-3","3.30e-2","1.21","1.24e-1","3.00e-2","4.84e-3","GALNT14,KLHL32,XYLT1,CNTNAP5A,PRSS8,SLC25A42,GGT1,SLC15A1,PAQR7,SLC6A15,ATP11A,MR1,F830016B08RIK,SOAT2,SLCO2A1,DPEP2,FAR1,STEAP1,PTGES,GPM6A,UBIAD1,SLC22A6,UGT8A,SLC22A2,ABHD1,TGFA,D630029K05RIK,TMTC4,UGT3A1,MSR1,ACE,SRD5A2,ST8SIA1,EDEM1,IFNLR1,CP,SLC16A13,GJB2,MYMX,AMACR,GJB4,SLCO1A1,DEGS2,SLC22A7,CLIC6,KCNK5,SLC44A4,ITGB3,MOGAT1,SLC7A15,PDE3B,SLC7A13,SLC7A12,C8A,SLC22A12,CCKAR,TRPS1,MUC13,CD36,TMT1A2,NAT8F7,RNF152,CERS6,CHST7,MMD,ANO9,CYP7B1,TMEM174,MS4A6B,MMP14,CYP2A4,CYP2J13,MEP1B,MEP1A,SLC22A28,CDHR2,TLR8,TLR6,CDH17,B4GALT5,TLCD5,TMEM45A,CATSPER4,GDPD1,NRXN2,H2-Q2,MFSD4A,H2-DMB2,SV2C,H2-DMB1,KLRG2,SLITRK6,SCN7A,NCAM2,UGT1A2,SLC22A30,MUC4,SLC36A4,SLC17A2,SLC17A3,UGT2B34,RNF24,CYP4B1,TMCO3,FMO5,DCBLD2,SLCO3A1,OR2V1,SLCO4C1,ATP13A4,TMEM229A"
"14","2.05","GOTERM_CC_DIRECT","membrane","90","310","6036","26676","27.69","6.51e-3","1.31e-1","1.28","8.60e-1","1.26e-1","4.95e-3","KCNK5,ACY3,SLC44A4,MOGAT1,HEXB,PDE3B,SLC7A15,XYLT1,SLC7A13,SLC7A12,MSLN,SLC22A12,TGM1,CCKAR,CNTNAP5A,CD36,GGT1,NAT8F7,SLC15A1,CERS6,PAQR7,MMD,SLC6A15,VMN1R20,ATP11A,MS4A6B,F830016B08RIK,MMP14,MEP1B,MEP1A,SOAT2,SLC22A28,CDHR2,SLCO2A1,DPEP2,HHIPL1,TLR8,TLR6,CDH17,PDZRN3,PTGES,TLCD5,TMEM45A,GPM6A,CERKL,UBIAD1,SLC22A6,UGT8A,CATSPER4,SLC22A2,ABHD1,GDPD1,NRXN2,H2-Q2,OAS1C,STX11,HSPD1,TMTC4,ADD2,MFSD4A,H2-DMB2,ZNRF2,SV2C,H2-DMB1,KLRG2,SLITRK6,SCN7A,UGT3A1,NCAM2,PDE6A,SLC22A30,MUC4,SLC36A4,MSR1,UGT2B34,ACE,SRD5A2,UGT2B35,EDEM1,IFNLR1,TMCO3,DCBLD2,SLCO3A1,OR2V1,SLCO1A1,SLCO4C1,ATP13A4,DEGS2,TMEM229A,SLC22A7"
"14","2.05","UP_SEQ_FEATURE","TOPO_DOM:Cytoplasmic","61","304","3381","22331","18.77","1.63e-2","7.12e-1","1.33","1.00e+0","7.09e-1","1.19e-2","GALNT14,SLC44A4,ITGB3,XYLT1,SLC7A13,SLC7A12,CCKAR,CNTNAP5A,MUC13,CD36,GGT1,SLC15A1,CHST7,CERS6,PAQR7,MMD,SLC6A15,ANO9,ATP11A,MR1,MS4A6B,MMP14,MEP1B,MEP1A,SOAT2,CDHR2,SLCO2A1,TLR8,FAR1,TLR6,CDH17,B4GALT5,PTGES,GPM6A,SLC22A6,CATSPER4,SLC22A2,GDPD1,NRXN2,TGFA,TMTC4,SV2C,H2-DMB1,SLITRK6,SCN7A,UGT3A1,NCAM2,MSR1,ACE,ST8SIA1,EDEM1,IFNLR1,DCBLD2,SLC16A13,GJB2,MYMX,GJB4,SLCO3A1,SLCO1A1,SLCO4C1,ATP13A4"
"14","2.05","UP_SEQ_FEATURE","TOPO_DOM:Extracellular","47","304","2489","22331","14.46","1.86e-2","7.45e-1","1.39","1.00e+0","7.41e-1","1.29e-2","GPM6A,SLC22A6,SLC44A4,CATSPER4,ITGB3,SLC22A2,GDPD1,NRXN2,SLC7A13,TGFA,SLC7A12,TMTC4,SV2C,CCKAR,CNTNAP5A,SLITRK6,MUC13,SCN7A,UGT3A1,CD36,NCAM2,GGT1,MSR1,SLC15A1,ACE,PAQR7,SLC6A15,ANO9,IFNLR1,ATP11A,MR1,DCBLD2,MS4A6B,GJB2,MMP14,MYMX,MEP1B,SLCO3A1,GJB4,MEP1A,SLCO1A1,SLCO4C1,CDHR2,SLCO2A1,TLR8,TLR6,CDH17"
"14","2.05","UP_SEQ_FEATURE","TRANSMEM:Helical","104","304","6674","22331","32.00","6.69e-2","1.00e+0","1.14","1.00e+0","9.96e-1","5.66e-2","GALNT14,KLHL32,XYLT1,CNTNAP5A,PRSS8,GGT1,SLC15A1,PAQR7,SLC6A15,VMN1R20,ATP11A,MR1,F830016B08RIK,SOAT2,SLCO2A1,DPEP2,FAR1,STEAP1,PTGES,GPM6A,UBIAD1,SLC22A6,UGT8A,SLC22A2,TGFA,D630029K05RIK,TMTC4,UGT3A1,MSR1,ACE,SRD5A2,ST8SIA1,EDEM1,IFNLR1,CP,SLC16A13,GJB2,MYMX,AMACR,GJB4,SLCO1A1,DEGS2,SLC22A7,KCNK5,SLC44A4,ITGB3,MOGAT1,SLC7A15,PDE3B,SLC7A12,SLC22A12,CCKAR,TRPS1,MUC13,CD36,TMT1A2,NAT8F7,RNF152,CERS6,MMD,ANO9,CYP7B1,TMEM174,MS4A6B,MMP14,CYP2A4,CYP2J13,MEP1B,MEP1A,SLC22A28,CDHR2,TLR8,TLR6,CDH17,TLCD5,TMEM45A,CATSPER4,GDPD1,NRXN2,H2-Q2,MFSD4A,H2-DMB2,SV2C,H2-DMB1,KLRG2,SLITRK6,NCAM2,UGT1A2,SLC22A30,MUC4,SLC36A4,SLC17A2,SLC17A3,UGT2B34,RNF24,UGT2B35,CYP4B1,TMCO3,FMO5,DCBLD2,SLCO3A1,OR2V1,ATP13A4,TMEM229A"
"15","2.03","UP_SEQ_FEATURE","DOMAIN:Histidine kinase/HSP90-like ATPase","3","304","7","22331","0.92","3.68e-3","3.00e-1","31.48","9.71e-1","2.98e-1","8.40e-5","HSP90AA1,HSP90AB1,PDK3"
"15","2.03","SMART","HATPase_c","3","140","9","10959","0.92","5.42e-3","4.26e-1","26.09","5.74e-1","4.26e-1","1.62e-4","HSP90AA1,HSP90AB1,PDK3"
"15","2.03","INTERPRO","HATPase_dom","3","312","11","22338","0.92","9.78e-3","4.08e-1","19.53","1.00e+0","4.04e-1","4.10e-4","HSP90AA1,HSP90AB1,PDK3"
"15","2.03","INTERPRO","HATPase_C_sf","3","312","23","22338","0.92","4.03e-2","1.00e+0","9.34","1.00e+0","9.91e-1","3.89e-3","HSP90AA1,HSP90AB1,PDK3"
"16","1.84","GOTERM_BP_DIRECT","amino acid transmembrane transport","4","303","26","26481","1.23","3.14e-3","2.25e-1","13.45","9.97e-1","2.23e-1","2.06e-4","SLC7A15,SLC7A13,SLC7A12,SLC36A4"
"16","1.84","GOTERM_MF_DIRECT","L-amino acid transmembrane transporter activity","4","312","28","24402","1.23","5.30e-3","2.12e-1","11.17","9.74e-1","2.08e-1","4.21e-4","SLC22A2,SLC7A15,SLC7A13,SLC7A12"
"16","1.84","INTERPRO","AminoAcid_Transporter","3","312","10","22338","0.92","8.08e-3","3.83e-1","21.48","1.00e+0","3.79e-1","3.01e-4","SLC7A15,SLC7A13,SLC7A12"
"16","1.84","UP_KW_BIOLOGICAL_PROCESS","Amino-acid transport","5","174","58","11926","1.54","9.87e-3","2.22e-1","5.91","5.91e-1","2.20e-1","1.53e-3","SLC6A15,SLC7A15,SLC7A13,SLC7A12,SLC36A4"
"16","1.84","INTERPRO","AA/rel_permease1","3","312","16","22338","0.92","2.04e-2","7.59e-1","13.42","1.00e+0","7.51e-1","1.32e-3","SLC7A15,SLC7A13,SLC7A12"
"16","1.84","PIR_SUPERFAMILY","AA_transporter","3","50","13","2012","0.92","3.82e-2","1.00e+0","9.29","8.20e-1","1.00e+0","3.47e-3","SLC7A15,SLC7A13,SLC7A12"
"16","1.84","COG_ONTOLOGY","Amino acid transport and metabolism","4","44","59","2099","1.23","1.18e-1","4.33e-1","3.23","7.78e-1","4.33e-1","3.31e-2","SLC7A15,SLC7A13,SLC7A12,CNDP2"
"17","1.75","GOTERM_BP_DIRECT","positive regulation of interleukin-6 production","7","303","114","26481","2.15","1.99e-3","1.69e-1","5.37","9.76e-1","1.67e-1","3.47e-4","SETD4,IL33,ARID5A,TLR8,CD36,TLR6,HSPD1"
"17","1.75","GOTERM_BP_DIRECT","positive regulation of tumor necrosis factor production","6","303","125","26481","1.85","1.44e-2","6.05e-1","4.20","1.00e+0","5.99e-1","3.21e-3","SETD4,IL33,ARID5A,OAS1C,CD36,HSPD1"
"17","1.75","GOTERM_BP_DIRECT","positive regulation of cytokine production","5","303","92","26481","1.54","2.12e-2","7.55e-1","4.75","1.00e+0","7.48e-1","4.15e-3","IL33,C1QTNF3,CD36,TLR6,HSPD1"
"17","1.75","GOTERM_BP_DIRECT","positive regulation of macrophage activation","3","303","24","26481","0.92","3.03e-2","9.03e-1","10.92","1.00e+0","8.95e-1","2.51e-3","IL33,TLR6,HSPD1"
"17","1.75","GOTERM_BP_DIRECT","positive regulation of interleukin-12 production","3","303","45","26481","0.92","9.32e-2","1.00e+0","5.83","1.00e+0","9.91e-1","1.48e-2","CD36,TLR6,HSPD1"
"18","1.57","UP_SEQ_FEATURE","PROPEP:Removed in mature form","10","304","285","22331","3.08","1.63e-2","7.12e-1","2.58","1.00e+0","7.09e-1","5.92e-3","RASL10B,DPEP2,GPC3,CNTN2,TGFA,PDE6A,TNFRSF23,MSLN,LY6F,RND1"
"18","1.57","GOTERM_CC_DIRECT","side of membrane","6","310","130","26676","1.85","1.79e-2","2.83e-1","3.97","9.96e-1","2.73e-1","4.20e-3","DPEP2,GPC3,CNTN2,NCAM2,MSLN,LY6F"
"18","1.57","UP_KW_PTM","GPI-anchor","7","207","157","14135","2.15","2.75e-2","1.79e-1","3.04","5.02e-1","1.65e-1","8.43e-3","DPEP2,GPC3,CNTN2,NCAM2,TNFRSF23,MSLN,LY6F"
"18","1.57","UP_SEQ_FEATURE","LIPID:GPI-anchor amidated serine","4","304","67","22331","1.23","6.28e-2","1.00e+0","4.39","1.00e+0","9.96e-1","1.32e-2","DPEP2,GPC3,CNTN2,MSLN"
"19","1.52","UP_SEQ_FEATURE","DOMAIN:NADP-dependent oxidoreductase","3","304","18","22331","0.92","2.43e-2","9.35e-1","12.24","1.00e+0","9.30e-1","1.75e-3","AKR1C20,AKR1C14,GCLM"
"19","1.52","INTERPRO","NADP_OxRdtase_dom","3","312","21","22338","0.92","3.41e-2","1.00e+0","10.23","1.00e+0","9.91e-1","2.98e-3","AKR1C20,AKR1C14,GCLM"
"19","1.52","INTERPRO","NAD(P)_OxRdtase_dom_sf","3","312","21","22338","0.92","3.41e-2","1.00e+0","10.23","1.00e+0","9.91e-1","2.98e-3","AKR1C20,AKR1C14,GCLM"
"20","1.49","UP_SEQ_FEATURE","ACT_SITE:Charge relay system","12","304","235","22331","3.69","3.89e-4","9.35e-2","3.75","3.12e-1","9.30e-2","9.75e-5","LYPLA1,PROC,F10,LIPO3,CES1F,KLK1B24,LIPO2,ABHD1,HTRA1,PLAT,PRSS8,PRSS23"
"20","1.49","UP_KW_PTM","Zymogen","12","207","255","14135","3.69","1.30e-3","1.69e-2","3.21","3.20e-2","1.56e-2","3.83e-4","ADAMTS4,MMP14,PROC,MEP1B,F10,MEP1A,KLK1B24,PLAT,PRSS8,GGT1,ADAMTS12,CTSC"
"20","1.49","UP_SEQ_FEATURE","DISULFID:Interchain (between light and heavy chains)","3","304","7","22331","0.92","3.68e-3","3.00e-1","31.48","9.71e-1","2.98e-1","8.40e-5","PROC,F10,PRSS8"
"20","1.49","GOTERM_MF_DIRECT","serine-type endopeptidase activity","8","312","209","24402","2.46","1.80e-2","4.59e-1","2.99","1.00e+0","4.51e-1","5.66e-3","PROC,F10,KLK1B24,HTRA1,PLAT,PRSS8,PRSS23,CTSC"
"20","1.49","INTERPRO","Peptidase_S1_PA","7","312","169","22338","2.15","3.11e-2","9.81e-1","2.97","1.00e+0","9.72e-1","9.80e-3","PROC,F10,KLK1B24,HTRA1,PLAT,PRSS8,PRSS23"
"20","1.49","UP_KW_MOLECULAR_FUNCTION","Serine protease","7","201","165","12834","2.15","4.45e-2","4.26e-1","2.71","9.52e-1","4.06e-1","1.52e-2","PROC,F10,KLK1B24,HTRA1,PLAT,PRSS8,PRSS23"
"20","1.49","INTERPRO","TRYPSIN_HIS","6","312","139","22338","1.85","4.52e-2","1.00e+0","3.09","1.00e+0","9.91e-1","1.35e-2","PROC,F10,KLK1B24,PLAT,PRSS8,PRSS23"
"20","1.49","GOTERM_MF_DIRECT","serine-type peptidase activity","5","312","110","24402","1.54","5.24e-2","7.22e-1","3.56","1.00e+0","7.08e-1","1.36e-2","PROC,KLK1B24,HTRA1,PRSS8,PRSS23"
"20","1.49","UP_SEQ_FEATURE","DOMAIN:Peptidase S1","6","304","161","22331","1.85","6.88e-2","1.00e+0","2.74","1.00e+0","9.96e-1","2.31e-2","PROC,F10,KLK1B24,PLAT,PRSS8,PRSS23"
"20","1.49","INTERPRO","Trypsin_dom","6","312","160","22338","1.85","7.34e-2","1.00e+0","2.68","1.00e+0","9.91e-1","2.52e-2","PROC,F10,KLK1B24,PLAT,PRSS8,PRSS23"
"20","1.49","INTERPRO","Peptidase_S1_PA_chymotrypsin","6","312","165","22338","1.85","8.12e-2","1.00e+0","2.60","1.00e+0","9.91e-1","2.87e-2","PROC,F10,KLK1B24,PLAT,PRSS8,PRSS23"
"20","1.49","INTERPRO","TRYPSIN_SER","5","312","134","22338","1.54","1.18e-1","1.00e+0","2.67","1.00e+0","9.91e-1","4.01e-2","PROC,F10,KLK1B24,PLAT,PRSS8"
"20","1.49","SMART","Tryp_SPc","5","140","158","10959","1.54","1.41e-1","1.00e+0","2.48","1.00e+0","1.00e+0","5.18e-2","PROC,F10,KLK1B24,PLAT,PRSS8"
"20","1.49","INTERPRO","Peptidase_S1A","5","312","152","22338","1.54","1.63e-1","1.00e+0","2.36","1.00e+0","9.91e-1","6.24e-2","PROC,F10,KLK1B24,PLAT,PRSS8"
"20","1.49","UP_SEQ_FEATURE","PROPEP:Activation peptide","3","304","88","22331","0.92","3.36e-1","1.00e+0","2.50","1.00e+0","9.96e-1","1.19e-1","F10,KLK1B24,PRSS8"
"21","1.49","GOTERM_BP_DIRECT","cholesterol metabolic process","6","303","103","26481","1.85","6.58e-3","4.22e-1","5.09","1.00e+0","4.18e-1","1.21e-3","HMGCS1,SOAT2,CES1F,ANGPTL3,CYP7B1,TSKU"
"21","1.49","UP_KW_BIOLOGICAL_PROCESS","Steroid biosynthesis","4","174","44","11926","1.23","2.57e-2","3.91e-1","6.23","9.04e-1","3.87e-1","3.77e-3","IDI1,HMGCS1,CYP7B1,HSD17B11"
"21","1.49","UP_KW_BIOLOGICAL_PROCESS","Steroid metabolism","5","174","94","11926","1.54","4.77e-2","5.21e-1","3.65","9.88e-1","5.15e-1","1.21e-2","IDI1,HMGCS1,DHRS9,SOAT2,CYP7B1"
"21","1.49","UP_KW_BIOLOGICAL_PROCESS","Cholesterol metabolism","4","174","61","11926","1.23","5.86e-2","5.21e-1","4.49","9.96e-1","5.15e-1","1.20e-2","IDI1,HMGCS1,SOAT2,CYP7B1"
"21","1.49","UP_KW_BIOLOGICAL_PROCESS","Sterol metabolism","4","174","68","11926","1.23","7.59e-2","5.21e-1","4.03","9.99e-1","5.15e-1","1.73e-2","IDI1,HMGCS1,SOAT2,CYP7B1"
"22","1.36","GOTERM_BP_DIRECT","cellular response to heat","7","303","57","26481","2.15","4.66e-5","9.24e-3","10.73","8.30e-2","9.15e-3","3.88e-6","HSPA8,HSP90AA1,HSP90AB1,RASA3,ST8SIA1,XYLT1,HSPD1"
"22","1.36","GOTERM_MF_DIRECT","ATP-dependent protein folding chaperone","5","312","31","24402","1.54","6.21e-4","6.10e-2","12.61","3.48e-1","5.98e-2","4.28e-5","HSPA8,HSP90AA1,HSPH1,HSP90AB1,HSPD1"
"22","1.36","GOTERM_BP_DIRECT","protein folding","9","303","172","26481","2.77","8.34e-4","1.03e-1","4.57","7.88e-1","1.02e-1","1.72e-4","H2-DMB2,HSPA8,HSP90AA1,HSPH1,HSP90AB1,H2-DMB1,FKBP4,HSPE1,HSPD1"
"22","1.36","KEGG_PATHWAY","Antigen processing and presentation","6","169","86","11151","1.85","9.55e-3","1.18e-1","4.60","8.97e-1","1.10e-1","1.92e-3","H2-DMB2,HSPA8,HSP90AA1,HSP90AB1,H2-DMB1,H2-Q2"
"22","1.36","GOTERM_CC_DIRECT","axonal growth cone","4","310","44","26676","1.23","1.44e-2","2.40e-1","7.82","9.87e-1","2.31e-1","1.68e-3","GPM6A,HSP90AA1,HSP90AB1,FKBP4"
"22","1.36","GOTERM_BP_DIRECT","response to unfolded protein","4","303","52","26481","1.23","2.15e-2","7.55e-1","6.72","1.00e+0","7.48e-1","2.95e-3","HSP90AA1,HSPH1,EDEM1,HSPD1"
"22","1.36","GOTERM_BP_DIRECT","protein refolding","3","303","23","26481","0.92","2.80e-2","8.83e-1","11.40","1.00e+0","8.75e-1","2.22e-3","HSPA8,HSP90AA1,HSPD1"
"22","1.36","GOTERM_CC_DIRECT","melanosome","5","310","99","26676","1.54","2.82e-2","3.69e-1","4.35","1.00e+0","3.56e-1","6.03e-3","HSPA8,MMP14,HSP90AA1,HSP90AB1,ITGB3"
"22","1.36","UP_KW_BIOLOGICAL_PROCESS","Stress response","5","174","81","11926","1.54","3.00e-2","3.91e-1","4.23","9.36e-1","3.87e-1","6.55e-3","HSPA8,HSP90AA1,HSPH1,HSP90AB1,HSPE1"
"22","1.36","GOTERM_MF_DIRECT","tau protein binding","3","312","23","24402","0.92","3.43e-2","6.49e-1","10.20","1.00e+0","6.37e-1","3.03e-3","HSP90AA1,HSP90AB1,FKBP4"
"22","1.36","GOTERM_CC_DIRECT","protein folding chaperone complex","3","310","31","26676","0.92","4.99e-2","5.56e-1","8.33","1.00e+0","5.36e-1","5.49e-3","HSPA8,HSP90AA1,HSP90AB1"
"22","1.36","KEGG_PATHWAY","Estrogen signaling pathway","6","169","134","11151","1.85","5.19e-2","4.16e-1","2.95","1.00e+0","3.90e-1","1.62e-2","HSPA8,HSP90AA1,HSP90AB1,TGFA,FKBP4,ESR1"
"22","1.36","GOTERM_MF_DIRECT","protein folding chaperone","4","312","68","24402","1.23","5.61e-2","7.42e-1","4.60","1.00e+0","7.28e-1","1.12e-2","HSPA8,HSP90AA1,HSP90AB1,HSPE1"
"22","1.36","KEGG_PATHWAY","Th17 cell differentiation","5","169","105","11151","1.54","7.40e-2","4.91e-1","3.14","1.00e+0","4.60e-1","2.16e-2","H2-DMB2,HSP90AA1,HSP90AB1,IRF4,H2-DMB1"
"22","1.36","KEGG_PATHWAY","Lipid and atherosclerosis","7","169","217","11151","2.15","1.10e-1","6.35e-1","2.13","1.00e+0","5.95e-1","4.71e-2","HSPA8,HSP90AA1,HSP90AB1,CYP2J13,CD36,TLR6,HSPD1"
"22","1.36","GOTERM_MF_DIRECT","unfolded protein binding","4","312","92","24402","1.23","1.13e-1","1.00e+0","3.40","1.00e+0","9.83e-1","3.05e-2","HSPA8,HSP90AA1,HSP90AB1,HSPE1"
"22","1.36","KEGG_PATHWAY","Protein processing in endoplasmic reticulum","6","169","178","11151","1.85","1.30e-1","7.36e-1","2.22","1.00e+0","6.90e-1","5.34e-2","HSPA8,HSP90AA1,HSPH1,HSP90AB1,EDEM1,FBXO2"
"22","1.36","UP_KW_MOLECULAR_FUNCTION","Chaperone","7","201","231","12834","2.15","1.52e-1","8.51e-1","1.93","1.00e+0","8.13e-1","7.14e-2","HSPA8,HSP90AA1,HSP90AB1,FKBP4,NPM3,HSPE1,HSPD1"
"22","1.36","GOTERM_MF_DIRECT","heat shock protein binding","3","312","77","24402","0.92","2.57e-1","1.00e+0","3.05","1.00e+0","9.83e-1","7.60e-2","HSPA8,HSP90AB1,FKBP4"
"22","1.36","GOTERM_CC_DIRECT","myelin sheath","4","310","195","26676","1.23","3.94e-1","1.00e+0","1.77","1.00e+0","9.67e-1","1.92e-1","HSPA8,HSP90AA1,CNTN2,HSPD1"
"22","1.36","GOTERM_MF_DIRECT","ATP hydrolysis activity","7","312","417","24402","2.15","4.42e-1","1.00e+0","1.31","1.00e+0","9.83e-1","2.86e-1","HSPA8,HSP90AA1,HSPH1,HSP90AB1,ATP13A4,ATP11A,KIF20B"
"22","1.36","GOTERM_BP_DIRECT","protein stabilization","4","303","243","26481","1.23","5.20e-1","1.00e+0","1.44","1.00e+0","9.91e-1","3.02e-1","HSP90AA1,HSP90AB1,SOX4,HSPD1"
"22","1.36","GOTERM_MF_DIRECT","ubiquitin protein ligase binding","5","312","334","24402","1.54","6.18e-1","1.00e+0","1.17","1.00e+0","9.83e-1","4.26e-1","HSPA8,HSP90AA1,HSP90AB1,CBS,HSPD1"
"22","1.36","GOTERM_CC_DIRECT","neuronal cell body","7","310","668","26676","2.15","7.89e-1","1.00e+0","0.90","1.00e+0","9.67e-1","6.61e-1","GPM6A,HSPA8,HSP90AA1,HSP90AB1,SRD5A2,CNTN2,FKBP4"
"23","1.35","GOTERM_MF_DIRECT","metallopeptidase activity","8","312","147","24402","2.46","2.85e-3","1.31e-1","4.26","8.60e-1","1.28e-1","6.26e-4","ADAMTS4,MMP14,ACE,MEP1B,MEP1A,CLCA3A1,ADAMTS12,CNDP2"
"23","1.35","GOTERM_MF_DIRECT","metalloendopeptidase activity","6","312","120","24402","1.85","1.89e-2","4.65e-1","3.91","1.00e+0","4.56e-1","4.50e-3","ADAMTS4,MMP14,ACE,MEP1B,MEP1A,ADAMTS12"
"23","1.35","INTERPRO","MetalloPept_cat_dom_sf","5","312","100","22338","1.54","5.12e-2","1.00e+0","3.58","1.00e+0","9.91e-1","1.32e-2","ADAMTS4,MMP14,MEP1B,MEP1A,ADAMTS12"
"23","1.35","SMART","ZnMc","3","140","29","10959","0.92","5.19e-2","1.00e+0","8.10","1.00e+0","1.00e+0","5.85e-3","MMP14,MEP1B,MEP1A"
"23","1.35","INTERPRO","Peptidase_Metallo","3","312","29","22338","0.92","6.13e-2","1.00e+0","7.41","1.00e+0","9.91e-1","7.54e-3","MMP14,MEP1B,MEP1A"
"23","1.35","UP_SEQ_FEATURE","MOTIF:Cysteine switch","3","304","40","22331","0.92","1.02e-1","1.00e+0","5.51","1.00e+0","9.96e-1","1.70e-2","ADAMTS4,MMP14,ADAMTS12"
"23","1.35","UP_SEQ_FEATURE","BINDING:in inhibited form","3","304","44","22331","0.92","1.20e-1","1.00e+0","5.01","1.00e+0","9.96e-1","2.19e-2","ADAMTS4,MMP14,ADAMTS12"
"23","1.35","GOTERM_BP_DIRECT","extracellular matrix organization","5","303","179","26481","1.54","1.48e-1","1.00e+0","2.44","1.00e+0","9.91e-1","5.53e-2","ADAMTS4,MMP14,VWA1,ADAMTS12,COL19A1"
"24","1.28","GOTERM_BP_DIRECT","positive regulation of interleukin-6 production","7","303","114","26481","2.15","1.99e-3","1.69e-1","5.37","9.76e-1","1.67e-1","3.47e-4","SETD4,IL33,ARID5A,TLR8,CD36,TLR6,HSPD1"
"24","1.28","GOTERM_BP_DIRECT","positive regulation of interleukin-1 beta production","3","303","63","26481","0.92","1.62e-1","1.00e+0","4.16","1.00e+0","9.91e-1","3.56e-2","TLR8,CD36,TLR6"
"24","1.28","GOTERM_BP_DIRECT","positive regulation of canonical NF-kappaB signal transduction","4","303","216","26481","1.23","4.44e-1","1.00e+0","1.62","1.00e+0","9.91e-1","2.34e-1","SLCO3A1,TLR8,CD36,TLR6"
"25","1.28","INTERPRO","ECM_Assembly_Org","3","312","19","22338","0.92","2.83e-2","9.50e-1","11.30","1.00e+0","9.41e-1","2.22e-3","COL12A1,VWA1,VWA2"
"25","1.28","UP_SEQ_FEATURE","DOMAIN:VWFA","5","304","90","22331","1.54","3.42e-2","1.00e+0","4.08","1.00e+0","9.96e-1","7.76e-3","ITGB3,COL12A1,VWA1,VWA2,CLCA3A1"
"25","1.28","INTERPRO","vWFA_dom_sf","5","312","105","22338","1.54","5.92e-2","1.00e+0","3.41","1.00e+0","9.91e-1","1.60e-2","ITGB3,COL12A1,VWA1,VWA2,CLCA3A1"
"25","1.28","SMART","VWA","4","140","74","10959","1.23","6.76e-2","1.00e+0","4.23","1.00e+0","1.00e+0","1.47e-2","COL12A1,VWA1,VWA2,CLCA3A1"
"25","1.28","INTERPRO","VWF_A","4","312","81","22338","1.23","1.04e-1","1.00e+0","3.54","1.00e+0","9.91e-1","2.68e-2","COL12A1,VWA1,VWA2,CLCA3A1"
"26","1.23","GOTERM_CC_DIRECT","collagen trimer","5","310","78","26676","1.54","1.29e-2","2.28e-1","5.52","9.80e-1","2.20e-1","2.17e-3","MSR1,C1QTNF3,LOX,COL12A1,COL19A1"
"26","1.23","INTERPRO","Collagen_superfamily","3","312","35","22338","0.92","8.52e-2","1.00e+0","6.14","1.00e+0","9.91e-1","1.27e-2","MSR1,COL12A1,COL19A1"
"26","1.23","INTERPRO","Collagen","4","312","76","22338","1.23","8.97e-2","1.00e+0","3.77","1.00e+0","9.91e-1","2.18e-2","MSR1,C1QTNF3,COL12A1,COL19A1"
"26","1.23","UP_KW_DOMAIN","Collagen","4","225","83","15097","1.23","1.26e-1","4.25e-1","3.23","9.48e-1","3.87e-1","3.54e-2","MSR1,C1QTNF3,COL12A1,COL19A1"
"27","1.20","UP_SEQ_FEATURE","DOMAIN:EGF-like 2","7","304","84","22331","2.15","9.95e-4","1.59e-1","6.12","6.16e-1","1.58e-1","1.50e-4","PROC,F10,CNTNAP5A,MUC13,NRXN2,VWA2,MUC4"
"27","1.20","SMART","EGF_CA","3","140","126","10959","0.92","4.77e-1","1.00e+0","1.86","1.00e+0","1.00e+0","2.18e-1","PROC,F10,VWA2"
"27","1.20","INTERPRO","EGF-like_Ca-bd_dom","3","312","126","22338","0.92","5.26e-1","1.00e+0","1.70","1.00e+0","9.91e-1","2.58e-1","PROC,F10,VWA2"
"28","1.13","UP_SEQ_FEATURE","REPEAT:TPR 3","6","304","126","22331","1.85","2.88e-2","1.00e+0","3.50","1.00e+0","9.96e-1","7.64e-3","KLC3,TRANK1,FKBP4,LONRF1,TTC39B,TMTC4"
"28","1.13","UP_SEQ_FEATURE","REPEAT:TPR 1","6","304","137","22331","1.85","3.92e-2","1.00e+0","3.22","1.00e+0","9.96e-1","1.13e-2","KLC3,TRANK1,FKBP4,LONRF1,TTC39B,TMTC4"
"28","1.13","UP_SEQ_FEATURE","REPEAT:TPR 2","6","304","137","22331","1.85","3.92e-2","1.00e+0","3.22","1.00e+0","9.96e-1","1.13e-2","KLC3,TRANK1,FKBP4,LONRF1,TTC39B,TMTC4"
"28","1.13","UP_KW_DOMAIN","TPR repeat","6","225","155","15097","1.85","8.12e-2","3.57e-1","2.60","8.45e-1","3.25e-1","2.87e-2","KLC3,TRANK1,FKBP4,LONRF1,TTC39B,TMTC4"
"28","1.13","INTERPRO","TPR-like_helical_dom_sf","7","312","221","22338","2.15","8.94e-2","1.00e+0","2.27","1.00e+0","9.91e-1","3.62e-2","KLC3,TRANK1,FKBP4,LONRF1,NPM3,TTC39B,TMTC4"
"28","1.13","INTERPRO","TPR_rpt","5","312","129","22338","1.54","1.06e-1","1.00e+0","2.78","1.00e+0","9.91e-1","3.50e-2","KLC3,FKBP4,LONRF1,TTC39B,TMTC4"
"28","1.13","UP_SEQ_FEATURE","REPEAT:TPR 4","4","304","90","22331","1.23","1.24e-1","1.00e+0","3.26","1.00e+0","9.96e-1","3.46e-2","KLC3,TRANK1,LONRF1,TMTC4"
"28","1.13","SMART","TPR","4","140","121","10959","1.23","1.98e-1","1.00e+0","2.59","1.00e+0","1.00e+0","6.92e-2","KLC3,FKBP4,LONRF1,TMTC4"
"29","1.08","GOTERM_MF_DIRECT","flavin adenine dinucleotide binding","4","312","74","24402","1.23","6.87e-2","8.44e-1","4.23","1.00e+0","8.28e-1","1.50e-2","ACAD9,AGPS,ACADM,FMO5"
"29","1.08","UP_KW_LIGAND","FAD","6","131","124","6902","1.85","8.42e-2","5.75e-1","2.55","9.40e-1","5.75e-1","3.02e-2","RNLS,ACAD9,AGPS,ACADM,STEAP1,FMO5"
"29","1.08","UP_KW_LIGAND","Flavoprotein","6","131","131","6902","1.85","1.01e-1","5.75e-1","2.41","9.66e-1","5.75e-1","3.80e-2","RNLS,ACAD9,AGPS,ACADM,STEAP1,FMO5"
"30","1.03","KEGG_PATHWAY","Complement and coagulation cascades","6","169","94","11151","1.85","1.37e-2","1.47e-1","4.21","9.62e-1","1.38e-1","3.01e-3","C3,PROC,F10,SERPING1,PLAT,C8A"
"30","1.03","UP_KW_BIOLOGICAL_PROCESS","Hemostasis","3","174","45","11926","0.92","1.38e-1","6.92e-1","4.57","1.00e+0","6.85e-1","2.77e-2","PROC,F10,SERPING1"
"30","1.03","UP_KW_BIOLOGICAL_PROCESS","Blood coagulation","3","174","45","11926","0.92","1.38e-1","6.92e-1","4.57","1.00e+0","6.85e-1","2.77e-2","PROC,F10,SERPING1"
"30","1.03","GOTERM_BP_DIRECT","blood coagulation","3","303","92","26481","0.92","2.82e-1","1.00e+0","2.85","1.00e+0","9.91e-1","8.89e-2","PROC,F10,SERPING1"
"31","1.03","KEGG_PATHWAY","Type I diabetes mellitus","4","169","65","11151","1.23","7.46e-2","4.91e-1","4.06","1.00e+0","4.60e-1","1.68e-2","H2-DMB2,H2-DMB1,H2-Q2,HSPD1"
"31","1.03","GOTERM_BP_DIRECT","positive regulation of T cell activation","3","303","41","26481","0.92","7.95e-2","1.00e+0","6.39","1.00e+0","9.91e-1","1.15e-2","H2-DMB2,H2-DMB1,HSPD1"
"31","1.03","KEGG_PATHWAY","Tuberculosis","6","169","180","11151","1.85","1.36e-1","7.48e-1","2.20","1.00e+0","7.01e-1","5.62e-2","C3,H2-DMB2,CYP27B1,H2-DMB1,TLR6,HSPD1"
"32","0.99","GOTERM_MF_DIRECT","steroid binding","4","312","55","24402","1.23","3.31e-2","6.49e-1","5.69","1.00e+0","6.37e-1","5.36e-3","PAQR7,SLC22A2,SERPINA6,ESR1"
"32","0.99","UP_KW_LIGAND","Steroid-binding","3","131","18","6902","0.92","4.42e-2","4.72e-1","8.78","7.65e-1","4.72e-1","4.43e-3","PAQR7,SERPINA6,ESR1"
"32","0.99","UP_KW_LIGAND","Lipid-binding","5","131","271","6902","1.54","7.58e-1","1.00e+0","0.97","1.00e+0","1.00e+0","5.90e-1","SEC14L3,PAQR7,SNX10,SERPINA6,ESR1"
"33","0.87","GOTERM_CC_DIRECT","mitochondrial matrix","8","310","332","26676","2.46","9.28e-2","9.31e-1","2.07","1.00e+0","8.97e-1","4.11e-2","PCCA,ALDH1B1,ACSM3,PDK3,ME2,ACADM,HSPE1,HSPD1"
"33","0.87","UP_SEQ_FEATURE","TRANSIT:Mitochondrion","12","304","541","22331","3.69","1.20e-1","1.00e+0","1.63","1.00e+0","9.96e-1","6.71e-2","RARS2,CYP27B1,PCCA,ALDH1B1,ACSM3,ACAD9,PDK3,ME2,ACADM,ACACB,CLYBL,HSPD1"
"33","0.87","UP_KW_DOMAIN","Transit peptide","13","225","563","15097","4.00","1.35e-1","4.25e-1","1.55","9.59e-1","3.87e-1","8.00e-2","RARS2,ACSM3,ACAD9,ACACB,CLYBL,HSPD1,CYP27B1,PCCA,ALDH1B1,AGPS,PDK3,ACADM,ME2"
"33","0.87","UP_KW_CELLULAR_COMPONENT","Mitochondrion","23","264","1334","19217","7.08","2.10e-1","7.36e-1","1.26","1.00e+0","6.66e-1","1.54e-1","RARS2,UBIAD1,HSP90AA1,ACSM3,ACAD9,4930550C14RIK,TCAIM,HSPE1,ACACB,CLYBL,BBC3,HSPD1,CYP27B1,KLC3,AMACR,PCCA,ALDH1B1,PDK3,BCO2,ACADM,SLC25A42,ME2,FKBP4"
"34","0.85","GOTERM_CC_DIRECT","melanosome","5","310","99","26676","1.54","2.82e-2","3.69e-1","4.35","1.00e+0","3.56e-1","6.03e-3","HSPA8,MMP14,HSP90AA1,HSP90AB1,ITGB3"
"34","0.85","GOTERM_BP_DIRECT","regulation of protein localization","4","303","119","26481","1.23","1.55e-1","1.00e+0","2.94","1.00e+0","9.91e-1","4.81e-2","HSP90AA1,HSP90AB1,MMD,ITGB3"
"34","0.85","KEGG_PATHWAY","PI3K-Akt signaling pathway","6","169","368","11151","1.85","6.55e-1","1.00e+0","1.08","1.00e+0","9.41e-1","4.87e-1","HSP90AA1,HSP90AB1,ITGB3,EIF4EBP1,TGFA,FGF10"
"35","0.83","INTERPRO","Znf_NHR/GATA","4","312","57","22338","1.23","4.51e-2","1.00e+0","5.02","1.00e+0","9.91e-1","8.25e-3","TRPS1,NR1I2,HNF4G,ESR1"
"35","0.83","GOTERM_BP_DIRECT","intracellular receptor signaling pathway","3","303","42","26481","0.92","8.29e-2","1.00e+0","6.24","1.00e+0","9.91e-1","1.23e-2","NR1I2,HNF4G,ESR1"
"35","0.83","UP_SEQ_FEATURE","DOMAIN:Nuclear receptor","3","304","43","22331","0.92","1.15e-1","1.00e+0","5.12","1.00e+0","9.96e-1","2.06e-2","NR1I2,HNF4G,ESR1"
"35","0.83","SMART","ZnF_C4","3","140","47","10959","0.92","1.19e-1","1.00e+0","5.00","1.00e+0","1.00e+0","2.20e-2","NR1I2,HNF4G,ESR1"
"35","0.83","SMART","HOLI","3","140","49","10959","0.92","1.28e-1","1.00e+0","4.79","1.00e+0","1.00e+0","2.45e-2","NR1I2,HNF4G,ESR1"
"35","0.83","UP_SEQ_FEATURE","DNA_BIND:Nuclear receptor","3","304","46","22331","0.92","1.29e-1","1.00e+0","4.79","1.00e+0","9.96e-1","2.47e-2","NR1I2,HNF4G,ESR1"
"35","0.83","UP_SEQ_FEATURE","ZN_FING:NR C4-type","3","304","46","22331","0.92","1.29e-1","1.00e+0","4.79","1.00e+0","9.96e-1","2.47e-2","NR1I2,HNF4G,ESR1"
"35","0.83","INTERPRO","Znf_hrmn_rcpt","3","312","47","22338","0.92","1.39e-1","1.00e+0","4.57","1.00e+0","9.91e-1","2.78e-2","NR1I2,HNF4G,ESR1"
"35","0.83","UP_SEQ_FEATURE","DOMAIN:NR LBD","3","304","49","22331","0.92","1.43e-1","1.00e+0","4.50","1.00e+0","9.96e-1","2.90e-2","NR1I2,HNF4G,ESR1"
"35","0.83","INTERPRO","Nuclear_hrmn_rcpt","3","312","48","22338","0.92","1.44e-1","1.00e+0","4.47","1.00e+0","9.91e-1","2.94e-2","NR1I2,HNF4G,ESR1"
"35","0.83","INTERPRO","Nucl_hrmn_rcpt_lig-bd","3","312","49","22338","0.92","1.49e-1","1.00e+0","4.38","1.00e+0","9.91e-1","3.10e-2","NR1I2,HNF4G,ESR1"
"35","0.83","INTERPRO","NHR-like_dom_sf","3","312","49","22338","0.92","1.49e-1","1.00e+0","4.38","1.00e+0","9.91e-1","3.10e-2","NR1I2,HNF4G,ESR1"
"35","0.83","GOTERM_MF_DIRECT","nuclear receptor activity","3","312","54","24402","0.92","1.51e-1","1.00e+0","4.35","1.00e+0","9.83e-1","3.18e-2","NR1I2,HNF4G,ESR1"
"35","0.83","GOTERM_CC_DIRECT","transcription regulator complex","5","310","306","26676","1.54","4.76e-1","1.00e+0","1.41","1.00e+0","9.67e-1","2.88e-1","NR1I2,ARID5A,HNF4G,ESR1,SOX4"
"35","0.83","GOTERM_MF_DIRECT","DNA-binding transcription activator activity, RNA polymerase II-specific","7","312","538","24402","2.15","6.85e-1","1.00e+0","1.02","1.00e+0","9.83e-1","5.32e-1","IRF4,NR1I2,HNF4G,PBX4,ESR1,SOX4,ETV6"
"36","0.80","GOTERM_BP_DIRECT","cell migration","8","303","332","26481","2.46","8.89e-2","1.00e+0","2.11","1.00e+0","9.91e-1","3.88e-2","MMP14,ITGB3,GPC3,HHIPL1,TNFAIP3,ITGBL1,ADAMTS12,CDH17"
"36","0.80","GOTERM_MF_DIRECT","integrin binding","5","312","151","24402","1.54","1.28e-1","1.00e+0","2.59","1.00e+0","9.83e-1","4.50e-2","MMP14,ITGB3,ANGPTL3,ITGBL1,CDH17"
"36","0.80","GOTERM_BP_DIRECT","integrin-mediated signaling pathway","3","303","110","26481","0.92","3.58e-1","1.00e+0","2.38","1.00e+0","9.91e-1","1.32e-1","ITGB3,ITGBL1,CDH17"
"37","0.79","KEGG_PATHWAY","Phagosome","8","169","181","11151","2.46","1.97e-2","1.94e-1","2.92","9.91e-1","1.82e-1","6.30e-3","C3,MSR1,H2-DMB2,ITGB3,H2-DMB1,H2-Q2,CD36,TLR6"
"37","0.79","KEGG_PATHWAY","Herpes simplex virus 1 infection","7","169","209","11151","2.15","9.61e-2","5.84e-1","2.21","1.00e+0","5.47e-1","3.98e-2","C3,H2-DMB2,ITGB3,H2-DMB1,EIF4EBP1,H2-Q2,BIRC3"
"37","0.79","KEGG_PATHWAY","Tuberculosis","6","169","180","11151","1.85","1.36e-1","7.48e-1","2.20","1.00e+0","7.01e-1","5.62e-2","C3,H2-DMB2,CYP27B1,H2-DMB1,TLR6,HSPD1"
"37","0.79","KEGG_PATHWAY","Hematopoietic cell lineage","4","169","93","11151","1.23","1.65e-1","8.86e-1","2.84","1.00e+0","8.30e-1","5.27e-2","H2-DMB2,ITGB3,H2-DMB1,CD36"
"37","0.79","KEGG_PATHWAY","Leishmaniasis","3","169","70","11151","0.92","2.85e-1","1.00e+0","2.83","1.00e+0","9.41e-1","8.98e-2","C3,H2-DMB2,H2-DMB1"
"37","0.79","KEGG_PATHWAY","Systemic lupus erythematosus","4","169","150","11151","1.23","3.94e-1","1.00e+0","1.76","1.00e+0","9.41e-1","1.93e-1","C3,H2-DMB2,H2-DMB1,C8A"
"37","0.79","KEGG_PATHWAY","Staphylococcus aureus infection","3","169","131","11151","0.92","5.90e-1","1.00e+0","1.51","1.00e+0","9.41e-1","3.19e-1","C3,H2-DMB2,H2-DMB1"
"38","0.74","KEGG_PATHWAY","Antigen processing and presentation","6","169","86","11151","1.85","9.55e-3","1.18e-1","4.60","8.97e-1","1.10e-1","1.92e-3","H2-DMB2,HSPA8,HSP90AA1,HSP90AB1,H2-DMB1,H2-Q2"
"38","0.74","KEGG_PATHWAY","Phagosome","8","169","181","11151","2.46","1.97e-2","1.94e-1","2.92","9.91e-1","1.82e-1","6.30e-3","C3,MSR1,H2-DMB2,ITGB3,H2-DMB1,H2-Q2,CD36,TLR6"
"38","0.74","GOTERM_CC_DIRECT","late endosome membrane","6","310","165","26676","1.85","4.35e-2","5.03e-1","3.13","1.00e+0","4.85e-1","1.29e-2","H2-DMB2,MMD,H2-DMB1,ATP13A4,MR1,STX11"
"38","0.74","KEGG_PATHWAY","Cell adhesion molecule (CAM) interaction","7","169","179","11151","2.15","5.36e-2","4.16e-1","2.58","1.00e+0","3.90e-1","1.92e-2","H2-DMB2,H2-DMB1,SLITRK6,CNTN2,NRXN2,H2-Q2,NCAM2"
"38","0.74","KEGG_PATHWAY","Type I diabetes mellitus","4","169","65","11151","1.23","7.46e-2","4.91e-1","4.06","1.00e+0","4.60e-1","1.68e-2","H2-DMB2,H2-DMB1,H2-Q2,HSPD1"
"38","0.74","INTERPRO","MHC_I/II-like_Ag-recog","4","312","73","22338","1.23","8.17e-2","1.00e+0","3.92","1.00e+0","9.91e-1","1.91e-2","H2-DMB2,H2-DMB1,H2-Q2,MR1"
"38","0.74","GOTERM_BP_DIRECT","antigen processing and presentation","3","303","43","26481","0.92","8.63e-2","1.00e+0","6.10","1.00e+0","9.91e-1","1.31e-2","H2-DMB2,H2-DMB1,H2-Q2"
"38","0.74","KEGG_PATHWAY","Herpes simplex virus 1 infection","7","169","209","11151","2.15","9.61e-2","5.84e-1","2.21","1.00e+0","5.47e-1","3.98e-2","C3,H2-DMB2,ITGB3,H2-DMB1,EIF4EBP1,H2-Q2,BIRC3"
"38","0.74","INTERPRO","Ig/MHC_CS","4","312","97","22338","1.23","1.53e-1","1.00e+0","2.95","1.00e+0","9.91e-1","4.71e-2","H2-DMB2,H2-DMB1,H2-Q2,MR1"
"38","0.74","SMART","IGc1","4","140","114","10959","1.23","1.76e-1","1.00e+0","2.75","1.00e+0","1.00e+0","5.81e-2","H2-DMB2,H2-DMB1,H2-Q2,MR1"
"38","0.74","KEGG_PATHWAY","Allograft rejection","3","169","58","11151","0.92","2.17e-1","1.00e+0","3.41","1.00e+0","9.41e-1","5.76e-2","H2-DMB2,H2-DMB1,H2-Q2"
"38","0.74","KEGG_PATHWAY","Graft-versus-host disease","3","169","58","11151","0.92","2.17e-1","1.00e+0","3.41","1.00e+0","9.41e-1","5.76e-2","H2-DMB2,H2-DMB1,H2-Q2"
"38","0.74","INTERPRO","Ig_C1-set","4","312","116","22338","1.23","2.20e-1","1.00e+0","2.47","1.00e+0","9.91e-1","7.98e-2","H2-DMB2,H2-DMB1,H2-Q2,MR1"
"38","0.74","GOTERM_MF_DIRECT","peptide antigen binding","3","312","81","24402","0.92","2.76e-1","1.00e+0","2.90","1.00e+0","9.83e-1","8.55e-2","H2-DMB2,H2-DMB1,H2-Q2"
"38","0.74","KEGG_PATHWAY","Autoimmune thyroid disease","3","169","74","11151","0.92","3.07e-1","1.00e+0","2.67","1.00e+0","9.41e-1","1.02e-1","H2-DMB2,H2-DMB1,H2-Q2"
"38","0.74","KEGG_PATHWAY","Viral myocarditis","3","169","92","11151","0.92","4.05e-1","1.00e+0","2.15","1.00e+0","9.41e-1","1.63e-1","H2-DMB2,H2-DMB1,H2-Q2"
"38","0.74","KEGG_PATHWAY","Epstein-Barr virus infection","5","169","227","11151","1.54","4.51e-1","1.00e+0","1.45","1.00e+0","9.41e-1","2.63e-1","H2-DMB2,H2-DMB1,TNFAIP3,H2-Q2,SAP30"
"38","0.74","GOTERM_BP_DIRECT","immune response","6","303","544","26481","1.85","7.46e-1","1.00e+0","0.96","1.00e+0","9.91e-1","5.93e-1","H2-DMB2,H2-DMB1,H2-Q2,TLR6,MR1,C8A"
"38","0.74","KEGG_PATHWAY","Human T-cell leukemia virus 1 infection","3","169","245","11151","0.92","8.88e-1","1.00e+0","0.81","1.00e+0","9.41e-1","7.22e-1","H2-DMB2,H2-DMB1,H2-Q2"
"38","0.74","INTERPRO","Ig-like_dom","7","312","998","22338","2.15","9.95e-1","1.00e+0","0.50","1.00e+0","9.95e-1","9.87e-1","H2-DMB2,H2-DMB1,CNTN2,H2-Q2,NCAM2,MR1,HAPLN1"
"38","0.74","UP_SEQ_FEATURE","DOMAIN:Ig-like","5","304","817","22331","1.54","9.96e-1","1.00e+0","0.45","1.00e+0","9.96e-1","9.88e-1","H2-DMB2,H2-DMB1,CNTN2,H2-Q2,NCAM2"
"38","0.74","INTERPRO","Ig-like_dom_sf","7","312","1055","22338","2.15","9.97e-1","1.00e+0","0.48","1.00e+0","9.97e-1","9.92e-1","H2-DMB2,H2-DMB1,CNTN2,H2-Q2,NCAM2,MR1,HAPLN1"
"39","0.72","UP_SEQ_FEATURE","DOMAIN:PX","3","304","47","22331","0.92","1.33e-1","1.00e+0","4.69","1.00e+0","9.96e-1","2.61e-2","PXDC1,SNX10,SNX31"
"39","0.72","INTERPRO","PX_dom","3","312","47","22338","0.92","1.39e-1","1.00e+0","4.57","1.00e+0","9.91e-1","2.78e-2","PXDC1,SNX10,SNX31"
"39","0.72","INTERPRO","PX_dom_sf","3","312","51","22338","0.92","1.58e-1","1.00e+0","4.21","1.00e+0","9.91e-1","3.43e-2","PXDC1,SNX10,SNX31"
"39","0.72","GOTERM_MF_DIRECT","phosphatidylinositol binding","3","312","115","24402","0.92","4.32e-1","1.00e+0","2.04","1.00e+0","9.83e-1","1.83e-1","PXDC1,SNX10,SNX31"
"40","0.71","SMART","RING","9","140","237","10959","2.77","1.06e-2","5.54e-1","2.97","8.12e-1","5.54e-1","3.35e-3","ZNRF2,RNF24,VPS8,TRIM68,LONRF1,RNF152,PDZRN3,BIRC3,TRIM67"
"40","0.71","INTERPRO","Znf_RING","9","312","291","22338","2.77","5.18e-2","1.00e+0","2.21","1.00e+0","9.91e-1","2.17e-2","ZNRF2,RNF24,VPS8,TRIM68,LONRF1,RNF152,PDZRN3,BIRC3,TRIM67"
"40","0.71","GOTERM_MF_DIRECT","ubiquitin protein ligase activity","9","312","382","24402","2.77","1.18e-1","1.00e+0","1.84","1.00e+0","9.83e-1","5.84e-2","ZNRF2,FBXO2,TRIM68,WWP1,LONRF1,RNF152,FBXO44,PDZRN3,BIRC3"
"40","0.71","UP_SEQ_FEATURE","DOMAIN:RING-type","6","304","213","22331","1.85","1.65e-1","1.00e+0","2.07","1.00e+0","9.96e-1","7.18e-2","ZNRF2,RNF24,VPS8,TRIM68,LONRF1,BIRC3"
"40","0.71","GOTERM_MF_DIRECT","ubiquitin-protein transferase activity","6","312","243","24402","1.85","2.00e-1","1.00e+0","1.93","1.00e+0","9.83e-1","9.29e-2","TRIM68,WWP1,TNFAIP3,RNF152,PDZRN3,BIRC3"
"40","0.71","INTERPRO","Znf_RING/FYVE/PHD","9","312","465","22338","2.77","3.21e-1","1.00e+0","1.39","1.00e+0","9.91e-1","2.04e-1","ZNRF2,RNF24,VPS8,TRIM68,LONRF1,RNF152,PDZRN3,BIRC3,TRIM67"
"40","0.71","UP_KW_BIOLOGICAL_PROCESS","Ubl conjugation pathway","13","174","743","11926","4.00","3.93e-1","1.00e+0","1.20","1.00e+0","1.00e+0","2.89e-1","USP43,FBXO2,TNFAIP3,WWP1,FBXO32,USP18,FBXO44,TTC39B,ZNRF2,TRIM68,PDZRN3,RNF152,BIRC3"
"40","0.71","INTERPRO","Znf_RING_CS","4","312","165","22338","1.23","4.04e-1","1.00e+0","1.74","1.00e+0","9.91e-1","2.00e-1","TRIM68,LONRF1,PDZRN3,TRIM67"
"40","0.71","UP_SEQ_FEATURE","ZN_FING:RING-type","4","304","190","22331","1.23","4.77e-1","1.00e+0","1.55","1.00e+0","9.96e-1","2.60e-1","RNF24,TRIM68,RNF152,BIRC3"
"40","0.71","UP_KW_DOMAIN","Zinc-finger","22","225","1445","15097","6.77","5.74e-1","1.00e+0","1.02","1.00e+0","9.52e-1","4.91e-1","RNF24,NR1I2,HNF4G,TNFAIP3,ZBTB42,MCM10,ZCCHC18,ESR1,SAP30,ZNRF2,ZFP52,RASA3,TRPS1,VPS8,TRIM68,LONRF1,PDZRN3,RNF152,POLE,TRIM67,BIRC3,DGKH"
"40","0.71","GOTERM_BP_DIRECT","protein ubiquitination","7","303","545","26481","2.15","5.91e-1","1.00e+0","1.12","1.00e+0","9.91e-1","4.21e-1","ZNRF2,FBXO2,TRIM68,WWP1,FBXO32,RNF152,PDZRN3"
"41","0.70","SMART","FN3","5","140","153","10959","1.54","1.30e-1","1.00e+0","2.56","1.00e+0","1.00e+0","4.63e-2","COL12A1,CNTN2,VWA1,NCAM2,TRIM67"
"41","0.70","INTERPRO","FN3_dom","6","312","207","22338","1.85","1.63e-1","1.00e+0","2.08","1.00e+0","9.91e-1","7.11e-2","COL12A1,CNTN2,VWA1,IFNLR1,NCAM2,TRIM67"
"41","0.70","INTERPRO","FN3_sf","6","312","211","22338","1.85","1.72e-1","1.00e+0","2.04","1.00e+0","9.91e-1","7.59e-2","COL12A1,CNTN2,VWA1,IFNLR1,NCAM2,TRIM67"
"41","0.70","UP_SEQ_FEATURE","DOMAIN:Fibronectin type-III","5","304","191","22331","1.54","2.61e-1","1.00e+0","1.92","1.00e+0","9.96e-1","1.20e-1","COL12A1,CNTN2,IFNLR1,NCAM2,TRIM67"
"41","0.70","UP_SEQ_FEATURE","DOMAIN:Fibronectin type-III 1","4","304","131","22331","1.23","2.63e-1","1.00e+0","2.24","1.00e+0","9.96e-1","1.04e-1","COL12A1,CNTN2,VWA1,NCAM2"
"41","0.70","UP_SEQ_FEATURE","DOMAIN:Fibronectin type-III 2","4","304","131","22331","1.23","2.63e-1","1.00e+0","2.24","1.00e+0","9.96e-1","1.04e-1","COL12A1,CNTN2,VWA1,NCAM2"
"42","0.66","UP_KW_BIOLOGICAL_PROCESS","Symport","6","174","120","11926","1.85","3.04e-2","3.91e-1","3.43","9.38e-1","3.87e-1","8.22e-3","SLC15A1,SLC6A15,SLC36A4,SLC17A2,SLC17A3,SLC16A13"
"42","0.66","UP_KW_BIOLOGICAL_PROCESS","Sodium transport","3","174","130","11926","0.92","5.65e-1","1.00e+0","1.58","1.00e+0","1.00e+0","2.95e-1","SLC6A15,SLC17A2,SLC17A3"
"42","0.66","UP_KW_LIGAND","Sodium","4","131","167","6902","1.23","6.14e-1","1.00e+0","1.26","1.00e+0","1.00e+0","3.91e-1","SLC6A15,SLC17A2,CP,SLC17A3"
"43","0.65","SMART","TSP1","3","140","64","10959","0.92","1.95e-1","1.00e+0","3.67","1.00e+0","1.00e+0","4.83e-2","ADAMTS4,ADAMTS12,C8A"
"43","0.65","INTERPRO","TSP1_rpt","3","312","66","22338","0.92","2.34e-1","1.00e+0","3.25","1.00e+0","9.91e-1","6.49e-2","ADAMTS4,ADAMTS12,C8A"
"43","0.65","INTERPRO","TSP1_rpt_sf","3","312","67","22338","0.92","2.39e-1","1.00e+0","3.21","1.00e+0","9.91e-1","6.73e-2","ADAMTS4,ADAMTS12,C8A"
"44","0.62","INTERPRO","Serpin_CS","3","312","53","22338","0.92","1.68e-1","1.00e+0","4.05","1.00e+0","9.91e-1","3.79e-2","SERPINB6A,SERPING1,SERPINA6"
"44","0.62","UP_SEQ_FEATURE","DOMAIN:Serpin","3","304","61","22331","0.92","2.01e-1","1.00e+0","3.61","1.00e+0","9.96e-1","5.04e-2","SERPINB6A,SERPING1,SERPINA6"
"44","0.62","SMART","SERPIN","3","140","67","10959","0.92","2.09e-1","1.00e+0","3.51","1.00e+0","1.00e+0","5.41e-2","SERPINB6A,SERPING1,SERPINA6"
"44","0.62","INTERPRO","Serpin_sf_2","3","312","66","22338","0.92","2.34e-1","1.00e+0","3.25","1.00e+0","9.91e-1","6.49e-2","SERPINB6A,SERPING1,SERPINA6"
"44","0.62","INTERPRO","Serpin_sf_1","3","312","67","22338","0.92","2.39e-1","1.00e+0","3.21","1.00e+0","9.91e-1","6.73e-2","SERPINB6A,SERPING1,SERPINA6"
"44","0.62","INTERPRO","Serpin_sf","3","312","67","22338","0.92","2.39e-1","1.00e+0","3.21","1.00e+0","9.91e-1","6.73e-2","SERPINB6A,SERPING1,SERPINA6"
"44","0.62","INTERPRO","Serpin_dom","3","312","67","22338","0.92","2.39e-1","1.00e+0","3.21","1.00e+0","9.91e-1","6.73e-2","SERPINB6A,SERPING1,SERPINA6"
"44","0.62","INTERPRO","Serpin_fam","3","312","67","22338","0.92","2.39e-1","1.00e+0","3.21","1.00e+0","9.91e-1","6.73e-2","SERPINB6A,SERPING1,SERPINA6"
"44","0.62","GOTERM_MF_DIRECT","serine-type endopeptidase inhibitor activity","3","312","137","24402","0.92","5.23e-1","1.00e+0","1.71","1.00e+0","9.83e-1","2.56e-1","SERPINB6A,SERPING1,SERPINA6"
"45","0.56","GOTERM_CC_DIRECT","SCF ubiquitin ligase complex","3","310","72","26676","0.92","2.03e-1","1.00e+0","3.59","1.00e+0","9.67e-1","5.16e-2","FBXO2,FBXO32,FBXO44"
"45","0.56","INTERPRO","F-box-like_dom_sf","3","312","81","22338","0.92","3.12e-1","1.00e+0","2.65","1.00e+0","9.91e-1","1.04e-1","FBXO2,FBXO32,FBXO44"
"45","0.56","UP_SEQ_FEATURE","DOMAIN:F-box","3","304","85","22331","0.92","3.21e-1","1.00e+0","2.59","1.00e+0","9.96e-1","1.10e-1","FBXO2,FBXO32,FBXO44"
"46","0.56","UP_SEQ_FEATURE","TRANSMEM:Helical; Signal-anchor for type II membrane protein","9","304","388","22331","2.77","1.59e-1","1.00e+0","1.70","1.00e+0","9.96e-1","8.45e-2","MSR1,GALNT14,CHST7,ST8SIA1,EDEM1,ABHD1,XYLT1,GGT1,B4GALT5"
"46","0.56","UP_SEQ_FEATURE","TOPO_DOM:Lumenal","12","304","664","22331","3.69","2.92e-1","1.00e+0","1.33","1.00e+0","9.96e-1","1.97e-1","GALNT14,CHST7,CERS6,ST8SIA1,SOAT2,MMD,EDEM1,H2-DMB1,ATP13A4,XYLT1,B4GALT5,PTGES"
"46","0.56","UP_KW_DOMAIN","Signal-anchor","9","225","494","15097","2.77","4.58e-1","1.00e+0","1.22","1.00e+0","9.52e-1","3.22e-1","MSR1,GALNT14,CHST7,ST8SIA1,EDEM1,ABHD1,XYLT1,GGT1,B4GALT5"
"47","0.55","GOTERM_BP_DIRECT","positive regulation of immune response","3","303","40","26481","0.92","7.62e-2","1.00e+0","6.55","1.00e+0","9.91e-1","1.07e-2","H2-DMB2,H2-DMB1,C8A"
"47","0.55","KEGG_PATHWAY","Systemic lupus erythematosus","4","169","150","11151","1.23","3.94e-1","1.00e+0","1.76","1.00e+0","9.41e-1","1.93e-1","C3,H2-DMB2,H2-DMB1,C8A"
"47","0.55","GOTERM_BP_DIRECT","immune response","6","303","544","26481","1.85","7.46e-1","1.00e+0","0.96","1.00e+0","9.91e-1","5.93e-1","H2-DMB2,H2-DMB1,H2-Q2,TLR6,MR1,C8A"
"48","0.48","GOTERM_BP_DIRECT","protein deubiquitination","3","303","84","26481","0.92","2.49e-1","1.00e+0","3.12","1.00e+0","9.91e-1","7.19e-2","USP43,TNFAIP3,USP18"
"48","0.48","GOTERM_MF_DIRECT","cysteine-type deubiquitinase activity","3","312","95","24402","0.92","3.42e-1","1.00e+0","2.47","1.00e+0","9.83e-1","1.22e-1","USP43,TNFAIP3,USP18"
"48","0.48","UP_KW_MOLECULAR_FUNCTION","Thiol protease","4","201","150","12834","1.23","4.15e-1","1.00e+0","1.70","1.00e+0","9.70e-1","2.09e-1","USP43,TNFAIP3,USP18,CTSC"
"49","0.45","UP_SEQ_FEATURE","REPEAT:LRR 10","4","304","108","22331","1.23","1.81e-1","1.00e+0","2.72","1.00e+0","9.96e-1","6.02e-2","SLITRK6,TLR8,TLR6,TSKU"
"49","0.45","UP_SEQ_FEATURE","REPEAT:LRR 5","6","304","226","22331","1.85","1.94e-1","1.00e+0","1.95","1.00e+0","9.96e-1","8.94e-2","NWD2,SLITRK6,TLR8,TLR6,RABGGTA,TSKU"
"49","0.45","UP_SEQ_FEATURE","REPEAT:LRR 4","6","304","242","22331","1.85","2.33e-1","1.00e+0","1.82","1.00e+0","9.96e-1","1.14e-1","NWD2,SLITRK6,TLR8,TLR6,RABGGTA,TSKU"
"49","0.45","UP_SEQ_FEATURE","REPEAT:LRR 3","6","304","257","22331","1.85","2.71e-1","1.00e+0","1.71","1.00e+0","9.96e-1","1.40e-1","NWD2,SLITRK6,TLR8,TLR6,RABGGTA,TSKU"
"49","0.45","UP_SEQ_FEATURE","REPEAT:LRR 9","4","304","134","22331","1.23","2.74e-1","1.00e+0","2.19","1.00e+0","9.96e-1","1.11e-1","SLITRK6,TLR8,TLR6,TSKU"
"49","0.45","UP_SEQ_FEATURE","REPEAT:LRR 2","6","304","269","22331","1.85","3.01e-1","1.00e+0","1.64","1.00e+0","9.96e-1","1.62e-1","NWD2,SLITRK6,TLR8,TLR6,RABGGTA,TSKU"
"49","0.45","UP_SEQ_FEATURE","REPEAT:LRR 1","6","304","270","22331","1.85","3.05e-1","1.00e+0","1.63","1.00e+0","9.96e-1","1.64e-1","NWD2,SLITRK6,TLR8,TLR6,RABGGTA,TSKU"
"49","0.45","UP_SEQ_FEATURE","REPEAT:LRR 11","3","304","85","22331","0.92","3.21e-1","1.00e+0","2.59","1.00e+0","9.96e-1","1.10e-1","SLITRK6,TLR8,TLR6"
"49","0.45","UP_SEQ_FEATURE","REPEAT:LRR 8","4","304","148","22331","1.23","3.26e-1","1.00e+0","1.99","1.00e+0","9.96e-1","1.44e-1","SLITRK6,TLR8,TLR6,TSKU"
"49","0.45","SMART","LRR_TYP","4","140","176","10959","1.23","3.87e-1","1.00e+0","1.78","1.00e+0","1.00e+0","1.88e-1","SLITRK6,TLR8,TLR6,TSKU"
"49","0.45","UP_SEQ_FEATURE","REPEAT:LRR 7","4","304","170","22331","1.23","4.06e-1","1.00e+0","1.73","1.00e+0","9.96e-1","2.02e-1","SLITRK6,TLR8,TLR6,TSKU"
"49","0.45","INTERPRO","Leu-rich_rpt_typical-subtyp","4","312","176","22338","1.23","4.45e-1","1.00e+0","1.63","1.00e+0","9.91e-1","2.32e-1","SLITRK6,TLR8,TLR6,TSKU"
"49","0.45","INTERPRO","Leu-rich_rpt","5","312","258","22338","1.54","4.89e-1","1.00e+0","1.39","1.00e+0","9.91e-1","2.92e-1","SLITRK6,TLR8,TLR6,RABGGTA,TSKU"
"49","0.45","UP_SEQ_FEATURE","REPEAT:LRR 6","4","304","199","22331","1.23","5.08e-1","1.00e+0","1.48","1.00e+0","9.96e-1","2.87e-1","SLITRK6,TLR8,TLR6,TSKU"
"49","0.45","UP_KW_DOMAIN","Leucine-rich repeat","6","225","394","15097","1.85","6.99e-1","1.00e+0","1.02","1.00e+0","9.52e-1","5.35e-1","NWD2,SLITRK6,TLR8,TLR6,RABGGTA,TSKU"
"49","0.45","INTERPRO","LRR_dom_sf","5","312","411","22338","1.54","8.27e-1","1.00e+0","0.87","1.00e+0","9.91e-1","6.83e-1","SLITRK6,TLR8,TLR6,RABGGTA,TSKU"
"50","0.35","KEGG_PATHWAY","Necroptosis","5","169","177","11151","1.54","2.77e-1","1.00e+0","1.86","1.00e+0","9.41e-1","1.31e-1","IL33,HSP90AA1,HSP90AB1,TNFAIP3,BIRC3"
"50","0.35","KEGG_PATHWAY","IL-17 signaling pathway","3","169","97","11151","0.92","4.31e-1","1.00e+0","2.04","1.00e+0","9.41e-1","1.82e-1","HSP90AA1,HSP90AB1,TNFAIP3"
"50","0.35","KEGG_PATHWAY","Salmonella infection","5","169","250","11151","1.54","5.23e-1","1.00e+0","1.32","1.00e+0","9.41e-1","3.29e-1","KLC3,HSP90AA1,HSP90AB1,TLR6,BIRC3"
"50","0.35","KEGG_PATHWAY","NOD-like receptor signaling pathway","4","169","212","11151","1.23","6.23e-1","1.00e+0","1.24","1.00e+0","9.41e-1","4.02e-1","HSP90AA1,HSP90AB1,TNFAIP3,BIRC3"
"51","0.33","GOTERM_BP_DIRECT","positive regulation of cytosolic calcium ion concentration","4","303","176","26481","1.23","3.22e-1","1.00e+0","1.99","1.00e+0","9.91e-1","1.43e-1","EDN1,CCKAR,CD36,ESR1"
"51","0.33","UP_KW_PTM","Palmitate","7","207","409","14135","2.15","5.51e-1","1.00e+0","1.17","1.00e+0","9.60e-1","3.97e-1","TGM1,GPM6A,CCKAR,TGFA,CD36,RHOV,ESR1"
"51","0.33","UP_SEQ_FEATURE","LIPID:S-palmitoyl cysteine","5","304","299","22331","1.54","5.80e-1","1.00e+0","1.23","1.00e+0","9.96e-1","3.86e-1","CCKAR,TGFA,CD36,RHOV,ESR1"
"52","0.30","GOTERM_MF_DIRECT","GTP binding","9","312","391","24402","2.77","1.29e-1","1.00e+0","1.80","1.00e+0","9.83e-1","6.52e-2","F830016B08RIK,GBP8,HSP90AA1,HSP90AB1,RASL10B,MX2,RHOV,FKBP4,RND1"
"52","0.30","GOTERM_MF_DIRECT","GTPase activity","6","312","325","24402","1.85","3.98e-1","1.00e+0","1.44","1.00e+0","9.83e-1","2.38e-1","F830016B08RIK,GBP8,RASL10B,MX2,RHOV,RND1"
"52","0.30","SMART","RAS","3","140","133","10959","0.92","5.05e-1","1.00e+0","1.77","1.00e+0","1.00e+0","2.41e-1","RASL10B,RHOV,RND1"
"52","0.30","INTERPRO","Small_GTPase","3","312","135","22338","0.92","5.63e-1","1.00e+0","1.59","1.00e+0","9.91e-1","2.92e-1","RASL10B,RHOV,RND1"
"52","0.30","SMART","RAB","3","140","151","10959","0.92","5.74e-1","1.00e+0","1.56","1.00e+0","1.00e+0","3.04e-1","RASL10B,RHOV,RND1"
"52","0.30","INTERPRO","Small_GTP-bd","3","312","167","22338","0.92","6.78e-1","1.00e+0","1.29","1.00e+0","9.91e-1","4.13e-1","RASL10B,RHOV,RND1"
"52","0.30","UP_KW_LIGAND","GTP-binding","6","131","374","6902","1.85","8.41e-1","1.00e+0","0.85","1.00e+0","1.00e+0","7.21e-1","F830016B08RIK,GBP8,RASL10B,MX2,RHOV,RND1"
"52","0.30","INTERPRO","P-loop_NTPase","10","312","931","22338","3.08","9.05e-1","1.00e+0","0.77","1.00e+0","9.91e-1","8.42e-1","F830016B08RIK,GBP8,CHST7,NWD2,RASL10B,MX2,TRANK1,RHOV,KIF20B,RND1"
"53","0.26","GOTERM_CC_DIRECT","microtubule","7","310","348","26676","2.15","2.18e-1","1.00e+0","1.73","1.00e+0","9.67e-1","1.13e-1","HSPA8,KLC3,HSPH1,DCDC2A,MX2,KIF20B,FKBP4"
"53","0.26","GOTERM_CC_DIRECT","cytoskeleton","8","310","839","26676","2.46","8.57e-1","1.00e+0","0.82","1.00e+0","9.67e-1","7.62e-1","KLC3,DCDC2A,KIF20B,FKBP4,TRIM67,RND1,DGKH,ADD2"
"53","0.26","UP_KW_CELLULAR_COMPONENT","Microtubule","3","264","290","19217","0.92","9.09e-1","1.00e+0","0.75","1.00e+0","9.27e-1","7.64e-1","KLC3,KIF20B,FKBP4"
"54","0.26","GOTERM_MF_DIRECT","zinc ion binding","31","312","2115","24402","9.54","3.01e-1","1.00e+0","1.15","1.00e+0","9.83e-1","2.41e-1","TES,NR1I2,HNF4G,TNFAIP3,ZBTB42,MCM10,ZCCHC18,ALAD,ADAMTS4,ZNRF2,ZFP52,TRPS1,VPS8,TRIM68,LONRF1,POLE,RNF152,TRIM67,ZFP995,ACE,RNF24,ESR1,RABGGTA,SAP30,MMP14,MEP1B,RASA3,MEP1A,PDZRN3,BIRC3,DGKH"
"54","0.26","UP_KW_DOMAIN","Zinc-finger","22","225","1445","15097","6.77","5.74e-1","1.00e+0","1.02","1.00e+0","9.52e-1","4.91e-1","RNF24,NR1I2,HNF4G,TNFAIP3,ZBTB42,MCM10,ZCCHC18,ESR1,SAP30,ZNRF2,ZFP52,RASA3,TRPS1,VPS8,TRIM68,LONRF1,PDZRN3,RNF152,POLE,TRIM67,BIRC3,DGKH"
"54","0.26","UP_KW_LIGAND","Zinc","37","131","2514","6902","11.38","9.87e-1","1.00e+0","0.78","1.00e+0","1.00e+0","9.82e-1","ACY3,TES,NR1I2,HNF4G,TNFAIP3,ZBTB42,MCM10,ZCCHC18,ADAMTS12,ALAD,ADAMTS4,ZNRF2,ZFP52,TRPS1,VPS8,TRIM68,LONRF1,CLCA3A1,POLE,RNF152,TRIM67,ZFP995,ACE,PAQR7,RNF24,LMO4,ESR1,SAP30,MMP14,MEP1B,RASA3,MEP1A,DPEP2,PDZRN3,YPEL4,BIRC3,DGKH"
"55","0.25","GOTERM_MF_DIRECT","ubiquitin-protein transferase activity","6","312","243","24402","1.85","2.00e-1","1.00e+0","1.93","1.00e+0","9.83e-1","9.29e-2","TRIM68,WWP1,TNFAIP3,RNF152,PDZRN3,BIRC3"
"55","0.25","GOTERM_BP_DIRECT","apoptotic process","5","303","561","26481","1.54","8.85e-1","1.00e+0","0.78","1.00e+0","9.91e-1","7.72e-1","TNFAIP3,RNF152,CTSC,BBC3,BIRC3"
"55","0.25","UP_KW_BIOLOGICAL_PROCESS","Apoptosis","4","174","514","11926","1.23","9.82e-1","1.00e+0","0.53","1.00e+0","1.00e+0","9.46e-1","TNFAIP3,RNF152,BBC3,BIRC3"
"56","0.24","SMART","C2","3","140","127","10959","0.92","4.81e-1","1.00e+0","1.85","1.00e+0","1.00e+0","2.21e-1","RASA3,WWP1,TC2N"
"56","0.24","UP_SEQ_FEATURE","DOMAIN:C2","3","304","132","22331","0.92","5.37e-1","1.00e+0","1.67","1.00e+0","9.96e-1","2.68e-1","RASA3,WWP1,TC2N"
"56","0.24","INTERPRO","C2_dom","3","312","143","22338","0.92","5.94e-1","1.00e+0","1.50","1.00e+0","9.91e-1","3.23e-1","RASA3,WWP1,TC2N"
"56","0.24","INTERPRO","C2_domain_sf","3","312","170","22338","0.92","6.88e-1","1.00e+0","1.26","1.00e+0","9.91e-1","4.25e-1","RASA3,WWP1,TC2N"
"57","0.21","UP_KW_BIOLOGICAL_PROCESS","Innate immunity","8","174","415","11926","2.46","3.97e-1","1.00e+0","1.32","1.00e+0","1.00e+0","2.60e-1","C3,GBP8,MX2,ARID5A,TLR8,TLR6,MR1,C8A"
"57","0.21","GOTERM_BP_DIRECT","innate immune response","7","303","568","26481","2.15","6.31e-1","1.00e+0","1.08","1.00e+0","9.91e-1","4.77e-1","F830016B08RIK,MX2,ARID5A,TRIM68,TLR8,TLR6,MR1"
"57","0.21","UP_KW_BIOLOGICAL_PROCESS","Immunity","12","174","1123","11926","3.69","9.42e-1","1.00e+0","0.73","1.00e+0","1.00e+0","9.04e-1","C3,H2-DMB2,GBP8,MX2,H2-DMB1,ARID5A,TLR8,H2-Q2,TLR6,IDO2,MR1,C8A"
"58","0.12","GOTERM_MF_DIRECT","ATP hydrolysis activity","7","312","417","24402","2.15","4.42e-1","1.00e+0","1.31","1.00e+0","9.83e-1","2.86e-1","HSPA8,HSP90AA1,HSPH1,HSP90AB1,ATP13A4,ATP11A,KIF20B"
"58","0.12","GOTERM_MF_DIRECT","ATP binding","18","312","1553","24402","5.54","7.75e-1","1.00e+0","0.91","1.00e+0","9.83e-1","7.01e-1","RARS2,HSPA8,HSP90AA1,HSP90AB1,ACSM3,TPK1,PANK1,ATP11A,HSPE1,ACACB,HSPD1,HSPH1,PCCA,ATP13A4,PDK3,KIF20B,FKBP4,DGKH"
"58","0.12","UP_KW_LIGAND","ATP-binding","16","131","1448","6902","4.92","9.98e-1","1.00e+0","0.58","1.00e+0","1.00e+0","9.97e-1","RARS2,HSPA8,HSP90AA1,HSP90AB1,ACSM3,TPK1,PANK1,ATP11A,ACACB,HSPD1,HSPH1,PCCA,ATP13A4,PDK3,KIF20B,DGKH"
"58","0.12","UP_KW_LIGAND","Nucleotide-binding","22","131","1876","6902","6.77","9.99e-1","1.00e+0","0.62","1.00e+0","1.00e+0","9.98e-1","RARS2,HSPA8,GBP8,HSP90AA1,HSP90AB1,ACSM3,TPK1,PANK1,RASL10B,MX2,ATP11A,ACACB,RND1,HSPD1,F830016B08RIK,HSPH1,PCCA,ATP13A4,PDK3,RHOV,KIF20B,DGKH"
"59","0.10","GOTERM_MF_DIRECT","sequence-specific DNA binding","9","312","527","24402","2.77","3.64e-1","1.00e+0","1.34","1.00e+0","9.83e-1","2.38e-1","IRF4,TRPS1,NR1I2,ARID5A,HNF4G,PBX4,ESR1,NEUROG2,ETV6"
"59","0.10","GOTERM_CC_DIRECT","transcription regulator complex","5","310","306","26676","1.54","4.76e-1","1.00e+0","1.41","1.00e+0","9.67e-1","2.88e-1","NR1I2,ARID5A,HNF4G,ESR1,SOX4"
"59","0.10","GOTERM_BP_DIRECT","negative regulation of transcription by RNA polymerase II","13","303","1062","26481","4.00","5.54e-1","1.00e+0","1.07","1.00e+0","9.91e-1","4.35e-1","IL33,EDN1,LMO4,NR1I2,ARID5A,ZBTB42,ESR1,SAP30,ETV6,TRPS1,BHLHE40,CD36,SOX4"
"59","0.10","GOTERM_BP_DIRECT","positive regulation of transcription by RNA polymerase II","16","303","1346","26481","4.92","5.74e-1","1.00e+0","1.04","1.00e+0","9.91e-1","4.75e-1","SETD4,IL33,EDN1,LMO4,HEXB,NR1I2,ARID5A,HNF4G,PBX4,ESR1,ETV6,HSPH1,IRF4,SOX4,NEUROG2,FGF10"
"59","0.10","GOTERM_MF_DIRECT","DNA-binding transcription factor activity","9","312","668","24402","2.77","6.20e-1","1.00e+0","1.05","1.00e+0","9.83e-1","4.68e-1","IRF4,TRPS1,TBX10,NR1I2,HNF4G,PBX4,ESR1,SOX4,ETV6"
"59","0.10","GOTERM_MF_DIRECT","DNA-binding transcription activator activity, RNA polymerase II-specific","7","312","538","24402","2.15","6.85e-1","1.00e+0","1.02","1.00e+0","9.83e-1","5.32e-1","IRF4,NR1I2,HNF4G,PBX4,ESR1,SOX4,ETV6"
"59","0.10","GOTERM_BP_DIRECT","positive regulation of DNA-templated transcription","9","303","813","26481","2.77","7.12e-1","1.00e+0","0.97","1.00e+0","9.91e-1","5.87e-1","MDFIC,IRF4,TBX10,NR1I2,HNF4G,PBX4,ESR1,SOX4,FGF10"
"59","0.10","GOTERM_MF_DIRECT","sequence-specific double-stranded DNA binding","6","312","584","24402","1.85","8.68e-1","1.00e+0","0.80","1.00e+0","9.83e-1","7.60e-1","IRF4,NR1I2,BHLHE40,ESR1,NEUROG2,SOX4"
"59","0.10","UP_KW_MOLECULAR_FUNCTION","Repressor","7","201","598","12834","2.15","9.09e-1","1.00e+0","0.75","1.00e+0","9.70e-1","8.33e-1","HSPA8,TRPS1,BHLHE40,ARID5A,ZBTB42,SAP30,ETV6"
"59","0.10","GOTERM_MF_DIRECT","RNA polymerase II cis-regulatory region sequence-specific DNA binding","10","312","1080","24402","3.08","9.36e-1","1.00e+0","0.72","1.00e+0","9.83e-1","8.88e-1","ZFP995,IRF4,TBX10,NR1I2,BHLHE40,HNF4G,PBX4,ESR1,SOX4,ETV6"
"59","0.10","GOTERM_BP_DIRECT","regulation of DNA-templated transcription","13","303","1568","26481","4.00","9.48e-1","1.00e+0","0.72","1.00e+0","9.91e-1","9.14e-1","ZFP995,NR1I2,HNF4G,PBX4,ESR1,SAP30,ETV6,ZFP52,IRF4,TBX10,TRPS1,BHLHE40,SOX4"
"59","0.10","UP_KW_MOLECULAR_FUNCTION","Activator","7","201","701","12834","2.15","9.66e-1","1.00e+0","0.64","1.00e+0","9.70e-1","9.28e-1","IRF4,NR1I2,ARID5A,PBX4,ESR1,NEUROG2,SOX4"
"59","0.10","GOTERM_BP_DIRECT","regulation of transcription by RNA polymerase II","12","303","1571","26481","3.69","9.73e-1","1.00e+0","0.67","1.00e+0","9.91e-1","9.51e-1","ZFP995,ZFP52,IRF4,LMO4,TRPS1,TBX10,BHLHE40,ARID5A,ZBTB42,PBX4,ESR1,ETV6"
"59","0.10","GOTERM_MF_DIRECT","DNA binding","16","312","1851","24402","4.92","9.81e-1","1.00e+0","0.68","1.00e+0","9.83e-1","9.67e-1","CENPT,ZFP995,CERS6,ARID5A,TNFAIP3,ZBTB42,PBX4,ESR1,SAP30,ETV6,ZFP52,BHLHE40,TLR8,POLE,SOX4,NEUROG2"
"59","0.10","GOTERM_MF_DIRECT","DNA-binding transcription factor activity, RNA polymerase II-specific","8","312","1085","24402","2.46","9.86e-1","1.00e+0","0.58","1.00e+0","9.86e-1","9.70e-1","ZFP995,IRF4,TBX10,BHLHE40,ZBTB42,NEUROG2,SOX4,ETV6"
"59","0.10","UP_KW_MOLECULAR_FUNCTION","DNA-binding","21","201","1959","12834","6.46","9.89e-1","1.00e+0","0.68","1.00e+0","9.89e-1","9.82e-1","CENPT,ZFP995,RADX,NR1I2,ARID5A,HNF4G,TNFAIP3,ZBTB42,MCM10,PBX4,ESR1,SAP30,ETV6,ZFP52,IRF4,TBX10,TRPS1,BHLHE40,POLE,SOX4,NEUROG2"
"59","0.10","UP_KW_BIOLOGICAL_PROCESS","Transcription","20","174","2329","11926","6.15","9.99e-1","1.00e+0","0.59","1.00e+0","1.00e+0","9.98e-1","IL33,HSPA8,ZFP995,LMO4,NR1I2,ARID5A,HNF4G,ZBTB42,PBX4,ESR1,SAP30,ETV6,ZFP52,MDFIC,IRF4,TBX10,TRPS1,BHLHE40,SOX4,NEUROG2"
"59","0.10","UP_KW_BIOLOGICAL_PROCESS","Transcription regulation","19","174","2271","11926","5.85","9.99e-1","1.00e+0","0.57","1.00e+0","1.00e+0","9.99e-1","HSPA8,ZFP995,LMO4,NR1I2,ARID5A,HNF4G,ZBTB42,PBX4,ESR1,SAP30,ETV6,ZFP52,MDFIC,IRF4,TBX10,TRPS1,BHLHE40,SOX4,NEUROG2"
"59","0.10","UP_KW_CELLULAR_COMPONENT","Nucleus","44","264","5592","19217","13.54","1.00e+0","1.00e+0","0.57","1.00e+0","1.00e+0","1.00e+0","SETD4,CEMIP,HSP90AB1,PANK1,NR1I2,HNF4G,TNFAIP3,ZBTB42,MCM10,FBXO44,HSPH1,DUSP10,MCRIP2,ZFP52,CBS,TRPS1,TRIM68,EIF4EBP1,POLE,SOX4,CENPT,IL33,HSPA8,ZFP995,LYPLA1,HSP90AA1,ARID5A,WWP1,PBX4,FBXO32,NPM3,TC2N,ESR1,TICRR,SAP30,ETV6,IRF4,TBX10,BHLHE40,KIF20B,FKBP4,YPEL4,NEUROG2,BIRC3"
"60","0.09","UP_KW_MOLECULAR_FUNCTION","GTPase activation","3","201","181","12834","0.92","7.77e-1","1.00e+0","1.06","1.00e+0","9.70e-1","5.46e-1","ARHGAP20,RASA3,TBC1D8"
"60","0.09","GOTERM_MF_DIRECT","GTPase activator activity","3","312","250","24402","0.92","8.30e-1","1.00e+0","0.94","1.00e+0","9.83e-1","6.22e-1","ARHGAP20,RASA3,TBC1D8"
"60","0.09","INTERPRO","PH-like_dom_sf","5","312","424","22338","1.54","8.44e-1","1.00e+0","0.84","1.00e+0","9.91e-1","7.09e-1","ARHGAP20,RASA3,TBC1D8,SNX31,DGKH"
"61","0.07","SMART","PH","3","140","255","10959","0.92","8.38e-1","1.00e+0","0.92","1.00e+0","1.00e+0","6.37e-1","ARHGAP20,RASA3,DGKH"
"61","0.07","INTERPRO","PH-like_dom_sf","5","312","424","22338","1.54","8.44e-1","1.00e+0","0.84","1.00e+0","9.91e-1","7.09e-1","ARHGAP20,RASA3,TBC1D8,SNX31,DGKH"
"61","0.07","UP_SEQ_FEATURE","DOMAIN:PH","3","304","266","22331","0.92","8.78e-1","1.00e+0","0.83","1.00e+0","9.96e-1","7.05e-1","ARHGAP20,RASA3,DGKH"
"61","0.07","INTERPRO","PH_domain","3","312","263","22338","0.92","8.83e-1","1.00e+0","0.82","1.00e+0","9.91e-1","7.14e-1","ARHGAP20,RASA3,DGKH"
"62","0.05","UP_SEQ_FEATURE","CROSSLNK:Glycyl lysine isopeptide (Lys-Gly) (interchain with G-Cter in SUMO1); alternate","3","304","161","22331","0.92","6.45e-1","1.00e+0","1.37","1.00e+0","9.96e-1","3.75e-1","HSPA8,TRPS1,BHLHE40"
"62","0.05","UP_SEQ_FEATURE","CROSSLNK:Glycyl lysine isopeptide (Lys-Gly) (interchain with G-Cter in SUMO2); alternate","4","304","322","22331","1.23","8.15e-1","1.00e+0","0.91","1.00e+0","9.96e-1","6.41e-1","HSPA8,TRPS1,BHLHE40,ETV6"
"62","0.05","UP_KW_MOLECULAR_FUNCTION","Repressor","7","201","598","12834","2.15","9.09e-1","1.00e+0","0.75","1.00e+0","9.70e-1","8.33e-1","HSPA8,TRPS1,BHLHE40,ARID5A,ZBTB42,SAP30,ETV6"
"62","0.05","GOTERM_BP_DIRECT","negative regulation of DNA-templated transcription","6","303","715","26481","1.85","9.13e-1","1.00e+0","0.73","1.00e+0","9.91e-1","8.30e-1","HSPA8,MDFIC,TRPS1,NR1I2,BHLHE40,WWP1"
"62","0.05","GOTERM_MF_DIRECT","DNA-binding transcription repressor activity, RNA polymerase II-specific","3","312","318","24402","0.92","9.15e-1","1.00e+0","0.74","1.00e+0","9.83e-1","7.75e-1","TRPS1,BHLHE40,ETV6"
"62","0.05","GOTERM_MF_DIRECT","protein domain specific binding","3","312","340","24402","0.92","9.33e-1","1.00e+0","0.69","1.00e+0","9.83e-1","8.12e-1","TRPS1,BHLHE40,ETV6"
"62","0.05","UP_SEQ_FEATURE","CROSSLNK:Glycyl lysine isopeptide (Lys-Gly) (interchain with G-Cter in SUMO2)","7","304","1050","22331","2.15","9.96e-1","1.00e+0","0.49","1.00e+0","9.96e-1","9.90e-1","BNIP5,TRPS1,BHLHE40,MCM10,HSPD1,SAP30,ETV6"
"62","0.05","UP_KW_PTM","Isopeptide bond","13","207","1703","14135","4.00","9.99e-1","1.00e+0","0.52","1.00e+0","9.99e-1","9.98e-1","HSPA8,BNIP5,ARID5A,MCM10,HSPD1,SAP30,ETV6,CBS,TRPS1,BHLHE40,EIF4EBP1,CD36,FKBP4"
"63","0.01","UP_KW_BIOLOGICAL_PROCESS","Differentiation","8","174","807","11926","2.46","9.53e-1","1.00e+0","0.68","1.00e+0","1.00e+0","9.10e-1","KLC3,PAQR7,SRD5A2,CATSPER4,SLCO4C1,CDHR2,NEUROG2,COL19A1"
"63","0.01","UP_KW_MOLECULAR_FUNCTION","Developmental protein","7","201","1084","12834","2.15","1.00e+0","1.00e+0","0.41","1.00e+0","1.00e+0","9.99e-1","PAQR7,CATSPER4,SLCO4C1,WNT16,NEUROG2,COL19A1,TSKU"
"63","0.01","UP_KW_MOLECULAR_FUNCTION","Developmental protein","7","201","1084","12834","2.15","1.00e+0","1.00e+0","0.41","1.00e+0","1.00e+0","9.99e-1","PAQR7,CATSPER4,SLCO4C1,WNT16,NEUROG2,COL19A1,TSKU"
"64","0.00","INTERPRO","Ig-like_dom","7","312","998","22338","2.15","9.95e-1","1.00e+0","0.50","1.00e+0","9.95e-1","9.87e-1","H2-DMB2,H2-DMB1,CNTN2,H2-Q2,NCAM2,MR1,HAPLN1"
"64","0.00","UP_KW_DOMAIN","Immunoglobulin domain","4","225","633","15097","1.23","9.96e-1","1.00e+0","0.42","1.00e+0","9.96e-1","9.86e-1","CNTN2,NCAM2,MR1,HAPLN1"
"64","0.00","SMART","IG","3","140","611","10959","0.92","9.97e-1","1.00e+0","0.38","1.00e+0","1.00e+0","9.86e-1","CNTN2,NCAM2,HAPLN1"
"64","0.00","INTERPRO","Ig-like_dom_sf","7","312","1055","22338","2.15","9.97e-1","1.00e+0","0.48","1.00e+0","9.97e-1","9.92e-1","H2-DMB2,H2-DMB1,CNTN2,H2-Q2,NCAM2,MR1,HAPLN1"
"64","0.00","INTERPRO","Ig_sub","3","312","611","22338","0.92","9.98e-1","1.00e+0","0.35","1.00e+0","9.98e-1","9.92e-1","CNTN2,NCAM2,HAPLN1"
"65","0.00","SMART","ZnF_C2H2","4","140","712","10959","1.23","9.95e-1","1.00e+0","0.44","1.00e+0","1.00e+0","9.83e-1","ZFP995,ZFP52,TRPS1,ZBTB42"
"65","0.00","INTERPRO","Znf_C2H2_sf","4","312","729","22338","1.23","9.98e-1","1.00e+0","0.39","1.00e+0","9.98e-1","9.92e-1","ZFP995,ZFP52,TRPS1,ZBTB42"
"65","0.00","INTERPRO","Znf_C2H2_type","4","312","758","22338","1.23","9.99e-1","1.00e+0","0.38","1.00e+0","9.99e-1","9.94e-1","ZFP995,ZFP52,TRPS1,ZBTB42"
"65","0.00","UP_SEQ_FEATURE","DOMAIN:C2H2-type","3","304","643","22331","0.92","9.99e-1","1.00e+0","0.34","1.00e+0","9.99e-1","9.93e-1","ZFP995,ZFP52,TRPS1"
"66","0.00","GOTERM_CC_DIRECT","cellular_component","25","310","4222","26676","7.69","1.00e+0","1.00e+0","0.51","1.00e+0","1.00e+0","1.00e+0","CRACD,NXPH4,KLHL32,TRANK1,EDDM3B,MFSD4A,NWD2,GM8947,NT5DC2,KLRG2,PXDC1,THEM6,D430020J02RIK,ARHGEF37,BNIP5,RASL10B,VMN1R20,TMEM174,TTC39B,MPPED1,TMEM229A,YPEL4,METTL26,CCDC150,TLCD5"
"66","0.00","GOTERM_BP_DIRECT","biological_process","27","303","4651","26481","8.31","1.00e+0","1.00e+0","0.51","1.00e+0","1.00e+0","1.00e+0","GALNT14,NXPH4,KLHL32,TRANK1,EDDM3B,SBSN,SEC14L3,MCRIP2,GM8947,KLRG2,PXDC1,THEM7,THEM6,D430020J02RIK,BNIP5,IFRD2,VMN1R20,ACYP2,TMCO3,TMEM174,MPPED1,HHIPL1,TMEM229A,METTL26,CCDC150,TMEM45A,TLCD5"
"66","0.00","GOTERM_MF_DIRECT","molecular_function","33","312","5780","24402","10.15","1.00e+0","1.00e+0","0.45","1.00e+0","1.00e+0","1.00e+0","GALNT14,CRACD,KLHL32,TRANK1,EDDM3B,SBSN,SEC14L3,FRAT2,GM8947,VPS8,KLRG2,SLITRK6,PXDC1,THEM7,THEM6,D430020J02RIK,SEC16B,BNIP5,IFRD2,VMN1R20,ACYP2,TMCO3,TMEM174,TTC39B,MS4A6B,MPPED1,HHIPL1,TMEM229A,TCHHL1,METTL26,CCDC150,TMEM45A,TLCD5"
"67","0.00","GOTERM_BP_DIRECT","G protein-coupled receptor signaling pathway","4","303","2030","26481","1.23","1.00e+0","1.00e+0","0.17","1.00e+0","1.00e+0","1.00e+0","EDN1,CCKAR,OR2V1,VMN1R20"
"67","0.00","INTERPRO","GPCR_Rhodpsn_7TM","3","312","1750","22338","0.92","1.00e+0","1.00e+0","0.12","1.00e+0","1.00e+0","1.00e+0","CCKAR,OR2V1,VMN1R20"
"67","0.00","UP_KW_MOLECULAR_FUNCTION","Transducer","3","201","2042","12834","0.92","1.00e+0","1.00e+0","0.09","1.00e+0","1.00e+0","1.00e+0","CCKAR,OR2V1,VMN1R20"

